Root	Category	Name	TunerType	DiseqC	LNB-Selection	LNB	Frequency	Polarity	Symbolrate	FEC	APID	VPID	PMTPID	PCRPID	AC3	TelePID	SID	StreamID	Encrypted	NetworkID	SatModulation	SatModulationSystem	Group	Language	AudioChannel	EPGFlag	Volume	OrbitalPos	DiSEqCValue	SubStreamID	URL
Astra FTA 28.2°E	10714 H	Channel 4 (eng)	1	0	0	9750	10714	h	22000	3	2316	2315	256	2315	0	2318	9211	2041	24	2	1	0	0	eng	0	0	0	282	0	-1	
Astra FTA 28.2°E	10714 H	Channel 4 (NAR)	1	0	0	9750	10714	h	22000	3	2317	2315	256	2315	0	2318	9211	2041	152	2	1	0	0	NAR	0	0	0	282	0	-1	
Astra FTA 28.2°E	10714 H	Channel 4 (eng)	1	0	0	9750	10714	h	22000	3	2328	2327	257	2327	0	2329	9212	2041	24	2	1	0	0	eng	0	0	0	282	0	-1	
Astra FTA 28.2°E	10714 H	Channel 4 (NAR)	1	0	0	9750	10714	h	22000	3	2313	2327	257	2327	0	2329	9212	2041	152	2	1	0	0	NAR	0	0	0	282	0	-1	
Astra FTA 28.2°E	10714 H	Channel 4 (eng)	1	0	0	9750	10714	h	22000	3	2333	2332	258	2332	0	2334	9213	2041	24	2	1	0	0	eng	0	0	0	282	0	-1	
Astra FTA 28.2°E	10714 H	Channel 4 (NAR)	1	0	0	9750	10714	h	22000	3	2320	2332	258	2332	0	2334	9213	2041	152	2	1	0	0	NAR	0	0	0	282	0	-1	
Astra FTA 28.2°E	10714 H	Channel 4 (eng)	1	0	0	9750	10714	h	22000	3	2338	2337	259	2337	0	2339	9214	2041	24	2	1	0	0	eng	0	0	0	282	0	-1	
Astra FTA 28.2°E	10714 H	Channel 4 (NAR)	1	0	0	9750	10714	h	22000	3	2342	2337	259	2337	0	2339	9214	2041	152	2	1	0	0	NAR	0	0	0	282	0	-1	
Astra FTA 28.2°E	10714 H	Channel 4 (eng)	1	0	0	9750	10714	h	22000	3	2348	2347	261	2347	0	2349	9216	2041	24	2	1	0	0	eng	0	0	0	282	0	-1	
Astra FTA 28.2°E	10714 H	Channel 4 (NAR)	1	0	0	9750	10714	h	22000	3	2343	2347	261	2347	0	2349	9216	2041	152	2	1	0	0	NAR	0	0	0	282	0	-1	
Astra FTA 28.2°E	10714 H	Film4 (eng)	1	0	0	9750	10714	h	22000	3	2354	2353	266	2353	0	2356	9220	2041	24	2	1	0	0	eng	0	0	0	282	0	-1	
Astra FTA 28.2°E	10714 H	Film4 (NAR)	1	0	0	9750	10714	h	22000	3	2355	2353	266	2353	0	2356	9220	2041	152	2	1	0	0	NAR	0	0	0	282	0	-1	
Astra FTA 28.2°E	10714 H	E4 (eng)	1	0	0	9750	10714	h	22000	3	2373	2372	263	2372	0	2375	9241	2041	24	2	1	0	0	eng	0	0	0	282	0	-1	
Astra FTA 28.2°E	10714 H	E4 (NAR)	1	0	0	9750	10714	h	22000	3	2374	2372	263	2372	0	2375	9241	2041	152	2	1	0	0	NAR	0	0	0	282	0	-1	
Astra FTA 28.2°E	10714 H	c4 l	1	0	0	9750	10714	h	22000	3	2316	2315	262	2315	0	2318	9281	2041	24	2	1	0	0	eng	0	0	0	282	0	-1	
Astra FTA 28.2°E	10714 H	More4+1 (eng)	1	0	0	9750	10714	h	22000	3	2368	2367	264	2367	0	2370	9230	2041	24	2	1	0	0	eng	0	0	0	282	0	-1	
Astra FTA 28.2°E	10714 H	More4+1 (NAR)	1	0	0	9750	10714	h	22000	3	2369	2367	264	2367	0	2370	9230	2041	152	2	1	0	0	NAR	0	0	0	282	0	-1	
Astra FTA 28.2°E	10788 V	BBC One Wales	1	0	0	9750	10788	v	22000	3	5601	5600	263	5600	0	5603	10311	2046	24	2	1	0	0	eng	0	0	0	282	0	-1	
Astra FTA 28.2°E	10788 V	BBC Two Wales	1	0	0	9750	10788	v	22000	3	5701	5700	264	5700	0	5703	10312	2046	24	2	1	0	0	eng	0	0	0	282	0	-1	
Astra FTA 28.2°E	10788 V	BBC Parliament	1	0	0	9750	10788	v	22000	3	5101	5100	258	5100	0	5103	10307	2046	24	2	1	0	0	eng	0	0	0	282	0	-1	
Astra FTA 28.2°E	10788 V	BBC One W Mid	1	0	0	9750	10788	v	22000	3	5001	5000	256	5000	0	5002	10301	2046	24	2	1	0	0	eng	0	0	0	282	0	-1	
Astra FTA 28.2°E	10788 V	BBC One Yk&Li	1	0	0	9750	10788	v	22000	3	5201	5200	265	5200	0	5202	10303	2046	24	2	1	0	0	eng	0	0	0	282	0	-1	
Astra FTA 28.2°E	10788 V	BBC One E Mid	1	0	0	9750	10788	v	22000	3	5402	5401	260	5401	0	5403	10305	2046	24	2	1	0	0	eng	0	0	0	282	0	-1	
Astra FTA 28.2°E	10788 V	BBC One East E	1	0	0	9750	10788	v	22000	3	5501	5500	261	5500	0	5502	10306	2046	24	2	1	0	0	eng	0	0	0	282	0	-1	
Astra FTA 28.2°E	10788 V	ETV5	1	0	0	9750	10788	v	22000	3	5001	5000	262	5000	0	5002	10321	2046	24	2	1	0	0	eng	0	0	0	282	0	-1	
Astra FTA 28.2°E	10802.75 H	BBC Scotland (eng)	1	0	0	9750	10803	h	22000	3	5101	5100	272	5100	0	5103	6420	2047	24	2	1	0	0	eng	0	0	0	282	0	-1	
Astra FTA 28.2°E	10802.75 H	BBC Scotland (NAR)	1	0	0	9750	10803	h	22000	3	5102	5100	272	5100	0	5103	6420	2047	152	2	1	0	0	NAR	0	0	0	282	0	-1	
Astra FTA 28.2°E	10802.75 H	BBC One Scot	1	0	0	9750	10803	h	22000	3	5001	5000	261	5000	0	5003	6421	2047	24	2	1	0	0	eng	0	0	0	282	0	-1	
Astra FTA 28.2°E	10802.75 H	BBC ALBA	1	0	0	9750	10803	h	22000	3	5201	5200	257	5200	0	0	6423	2047	24	2	1	0	0	gla	0	0	0	282	0	-1	
Astra FTA 28.2°E	10802.75 H	BBC ALBA	1	0	0	9750	10803	h	22000	3	5206	5200	266	5200	0	0	6424	2047	24	2	1	0	0	eng	0	0	0	282	0	-1	
Astra FTA 28.2°E	10802.75 H	BBC One N West	1	0	0	9750	10803	h	22000	3	5701	5700	268	5700	0	5703	6441	2047	24	2	1	0	0	eng	0	0	0	282	0	-1	
Astra FTA 28.2°E	10802.75 H	BBC One Yorks	1	0	0	9750	10803	h	22000	3	5801	5800	269	5800	0	5803	6451	2047	24	2	1	0	0	eng	0	0	0	282	0	-1	
Astra FTA 28.2°E	10802.75 H	BBC One S East	1	0	0	9750	10803	h	22000	3	5901	5900	270	5900	0	5903	6461	2047	24	2	1	0	0	eng	0	0	0	282	0	-1	
Astra FTA 28.2°E	10802.75 H	BBC One NE&C	1	0	0	9750	10803	h	22000	3	5601	5600	256	5600	0	5603	6471	2047	24	2	1	0	0	eng	0	0	0	282	0	-1	
Astra FTA 28.2°E	10817.5 V	BBC One NI	1	0	0	9750	10818	v	22000	3	5601	5600	263	5600	0	5603	10361	2048	24	2	1	0	0	eng	0	0	0	282	0	-1	
Astra FTA 28.2°E	10817.5 V	BBC NEWS	1	0	0	9750	10818	v	22000	3	5101	5100	256	5100	0	5103	10358	2048	24	2	1	0	0	eng	0	0	0	282	0	-1	
Astra FTA 28.2°E	10817.5 V	BBC Two NI	1	0	0	9750	10818	v	22000	3	5701	5700	264	5700	0	5703	10362	2048	24	2	1	0	0	eng	0	0	0	282	0	-1	
Astra FTA 28.2°E	10817.5 V	CBBC (eng)	1	0	0	9750	10818	v	22000	3	5401	5400	266	5400	0	5403	10352	2048	24	2	1	0	0	eng	0	0	0	282	0	-1	
Astra FTA 28.2°E	10817.5 V	CBBC (NAR)	1	0	0	9750	10818	v	22000	3	5402	5400	266	5400	0	5403	10352	2048	152	2	1	0	0	NAR	0	0	0	282	0	-1	
Astra FTA 28.2°E	10817.5 V	BBC One South	1	0	0	9750	10818	v	22000	3	5201	5200	258	5200	0	5202	10353	2048	24	2	1	0	0	eng	0	0	0	282	0	-1	
Astra FTA 28.2°E	10817.5 V	BBC One S West	1	0	0	9750	10818	v	22000	3	5301	5300	259	5300	0	5302	10354	2048	24	2	1	0	0	eng	0	0	0	282	0	-1	
Astra FTA 28.2°E	10817.5 V	BBC One Oxford	1	0	0	9750	10818	v	22000	3	5501	5500	261	5500	0	5502	10356	2048	24	2	1	0	0	eng	0	0	0	282	0	-1	
Astra FTA 28.2°E	10817.5 V	ETV6	1	0	0	9750	10818	v	22000	3	5201	5200	262	5200	0	5202	10371	2048	24	2	1	0	0	eng	0	0	0	282	0	-1	
Astra FTA 28.2°E	10847 V	BBC Two HD (AC3,eng)	1	0	0	9750	10847	v	23000	2	5501	5500	258	5500	17	5503	6940	2050	24	2	14	1	0	eng	0	0	0	282	0	-1	
Astra FTA 28.2°E	10847 V	BBC Two HD (NAR)	1	0	0	9750	10847	v	23000	2	5502	5500	258	5500	16	5503	6940	2050	152	2	14	1	0	NAR	0	0	0	282	0	-1	
Astra FTA 28.2°E	10847 V	BBC One HD (AC3,eng)	1	0	0	9750	10847	v	23000	2	5401	5400	260	5400	17	5403	6941	2050	24	2	14	1	0	eng	0	0	0	282	0	-1	
Astra FTA 28.2°E	10847 V	BBC One HD (NAR)	1	0	0	9750	10847	v	23000	2	5402	5400	260	5400	16	5403	6941	2050	152	2	14	1	0	NAR	0	0	0	282	0	-1	
Astra FTA 28.2°E	10847 V	CBBC HD (AC3,eng)	1	0	0	9750	10847	v	23000	2	5601	5600	264	5600	17	5603	6952	2050	24	2	14	1	0	eng	0	0	0	282	0	-1	
Astra FTA 28.2°E	10847 V	CBBC HD (NAR)	1	0	0	9750	10847	v	23000	2	5602	5600	264	5600	16	5603	6952	2050	152	2	14	1	0	NAR	0	0	0	282	0	-1	
Astra FTA 28.2°E	10847 V	6945 (AC3,eng)	1	0	0	9750	10847	v	23000	2	5401	5400	259	5400	17	5403	6945	2050	24	2	14	1	0	eng	0	0	0	282	0	-1	
Astra FTA 28.2°E	10847 V	6945 (NAR)	1	0	0	9750	10847	v	23000	2	5402	5400	259	5400	16	5403	6945	2050	152	2	14	1	0	NAR	0	0	0	282	0	-1	
Astra FTA 28.2°E	10847 V	BBC One NI HD	1	0	0	9750	10847	v	23000	2	5301	5300	256	5300	17	5302	6943	2050	24	2	14	1	0	eng	0	0	0	282	0	-1	
Astra FTA 28.2°E	10847 V	BBC Two Wal HD	1	0	0	9750	10847	v	23000	2	5701	5700	266	5700	17	5703	6912	2050	24	2	14	1	0	eng	0	0	0	282	0	-1	
Astra FTA 28.2°E	10891.25 H	ITV (eng)	1	0	0	9750	10891	h	22000	3	2322	2321	268	2321	0	2323	10121	2053	24	2	1	0	0	eng	0	0	0	282	0	-1	
Astra FTA 28.2°E	10891.25 H	ITV (NAR)	1	0	0	9750	10891	h	22000	3	2325	2321	268	2321	0	2323	10121	2053	152	2	1	0	0	NAR	0	0	0	282	0	-1	
Astra FTA 28.2°E	10891.25 H	ITV (eng)	1	0	0	9750	10891	h	22000	3	3345	3344	266	3344	0	2380	10150	2053	24	2	1	0	0	eng	0	0	0	282	0	-1	
Astra FTA 28.2°E	10891.25 H	ITV (NAR)	1	0	0	9750	10891	h	22000	3	3346	3344	266	3344	0	2380	10150	2053	152	2	1	0	0	NAR	0	0	0	282	0	-1	
Astra FTA 28.2°E	10891.25 H	ITV+1	1	0	0	9750	10891	h	22000	3	2359	2358	270	2358	0	2360	10145	2053	24	2	1	0	0	eng	0	0	0	282	0	-1	
Astra FTA 28.2°E	10891.25 H	ITV+1 (eng)	1	0	0	9750	10891	h	22000	3	2363	2362	271	2362	0	2365	10155	2053	24	2	1	0	0	eng	0	0	0	282	0	-1	
Astra FTA 28.2°E	10891.25 H	ITV+1 (NAR)	1	0	0	9750	10891	h	22000	3	2364	2362	271	2362	0	2365	10155	2053	152	2	1	0	0	NAR	0	0	0	282	0	-1	
Astra FTA 28.2°E	10891.25 H	ITV2+1 (eng)	1	0	0	9750	10891	h	22000	3	3353	3352	265	3352	0	2392	10165	2053	24	2	1	0	0	eng	0	0	0	282	0	-1	
Astra FTA 28.2°E	10891.25 H	ITV2+1 (NAR)	1	0	0	9750	10891	h	22000	3	3354	3352	265	3352	0	2392	10165	2053	152	2	1	0	0	NAR	0	0	0	282	0	-1	
Astra FTA 28.2°E	10891.25 H	UTV (eng)	1	0	0	9750	10891	h	22000	3	2331	2332	258	2332	0	2333	10132	2053	24	2	1	0	0	eng	0	0	0	282	0	-1	
Astra FTA 28.2°E	10891.25 H	UTV (NAR)	1	0	0	9750	10891	h	22000	3	2335	2332	258	2332	0	2333	10132	2053	152	2	1	0	0	NAR	0	0	0	282	0	-1	
Astra FTA 28.2°E	10891.25 H	ITV3 (eng)	1	0	0	9750	10891	h	22000	3	2370	2374	260	2374	0	2372	10163	2053	24	2	1	0	0	eng	0	0	0	282	0	-1	
Astra FTA 28.2°E	10891.25 H	ITV3 (NAR)	1	0	0	9750	10891	h	22000	3	2371	2374	260	2374	0	2372	10163	2053	152	2	1	0	0	NAR	0	0	0	282	0	-1	
Astra FTA 28.2°E	10906 V	ITV (eng)	1	0	0	9750	10906	v	22000	3	3329	3328	256	3328	0	2314	10200	2054	24	2	1	0	0	eng	0	0	0	282	0	-1	
Astra FTA 28.2°E	10906 V	ITV (NAR)	1	0	0	9750	10906	v	22000	3	2309	3328	256	3328	0	2314	10200	2054	152	2	1	0	0	NAR	0	0	0	282	0	-1	
Astra FTA 28.2°E	10906 V	STV (eng)	1	0	0	9750	10906	v	22000	3	3333	3332	257	3332	0	2333	10210	2054	24	2	1	0	0	eng	0	0	0	282	0	-1	
Astra FTA 28.2°E	10906 V	STV (NAR)	1	0	0	9750	10906	v	22000	3	3334	3332	257	3332	0	2333	10210	2054	152	2	1	0	0	NAR	0	0	0	282	0	-1	
Astra FTA 28.2°E	10906 V	STV (eng)	1	0	0	9750	10906	v	22000	3	3337	3336	258	3336	0	2340	10220	2054	24	2	1	0	0	eng	0	0	0	282	0	-1	
Astra FTA 28.2°E	10906 V	STV (NAR)	1	0	0	9750	10906	v	22000	3	3338	3336	258	3336	0	2340	10220	2054	152	2	1	0	0	NAR	0	0	0	282	0	-1	
Astra FTA 28.2°E	10906 V	ITV3+1 (eng)	1	0	0	9750	10906	v	22000	3	3353	3352	261	3352	0	2361	10261	2054	24	2	1	0	0	eng	0	0	0	282	0	-1	
Astra FTA 28.2°E	10906 V	ITV3+1 (NAR)	1	0	0	9750	10906	v	22000	3	3354	3352	261	3352	0	2361	10261	2054	152	2	1	0	0	NAR	0	0	0	282	0	-1	
Astra FTA 28.2°E	10906 V	STV (eng)	1	0	0	9750	10906	v	22000	3	2375	2374	267	2374	0	2377	10225	2054	24	2	1	0	0	eng	0	0	0	282	0	-1	
Astra FTA 28.2°E	10906 V	STV (NAR)	1	0	0	9750	10906	v	22000	3	2376	2374	267	2374	0	2377	10225	2054	152	2	1	0	0	NAR	0	0	0	282	0	-1	
Astra FTA 28.2°E	10906 V	ITV+1	1	0	0	9750	10906	v	22000	3	2380	2379	268	2379	0	2381	10255	2054	24	2	1	0	0	eng	0	0	0	282	0	-1	
Astra FTA 28.2°E	10906 V	STV (eng)	1	0	0	9750	10906	v	22000	3	3341	3340	263	3340	0	2388	10221	2054	24	2	1	0	0	eng	0	0	0	282	0	-1	
Astra FTA 28.2°E	10906 V	STV (NAR)	1	0	0	9750	10906	v	22000	3	3342	3340	263	3340	0	2388	10221	2054	152	2	1	0	0	NAR	0	0	0	282	0	-1	
Astra FTA 28.2°E	10906 V	ITV4+1 (eng)	1	0	0	9750	10906	v	22000	3	2320	2319	259	2319	0	2321	10245	2054	24	2	1	0	0	eng	0	0	0	282	0	-1	
Astra FTA 28.2°E	10906 V	ITV4+1 (NAR)	1	0	0	9750	10906	v	22000	3	2322	2319	259	2319	0	2321	10245	2054	152	2	1	0	0	NAR	0	0	0	282	0	-1	
Astra FTA 28.2°E	10936 V	Channel 4 (eng)	1	0	0	9750	10936	v	22000	3	2327	2315	269	2315	0	2328	8320	2056	24	2	1	0	0	eng	0	0	0	282	0	-1	
Astra FTA 28.2°E	10936 V	Channel 4 (NAR)	1	0	0	9750	10936	v	22000	3	2330	2315	269	2315	0	2328	8320	2056	152	2	1	0	0	NAR	0	0	0	282	0	-1	
Astra FTA 28.2°E	10936 V	Film4+1 (eng)	1	0	0	9750	10936	v	22000	3	2355	2354	262	2354	0	2357	8341	2056	24	2	1	0	0	eng	0	0	0	282	0	-1	
Astra FTA 28.2°E	10936 V	Film4+1 (NAR)	1	0	0	9750	10936	v	22000	3	2356	2354	262	2354	0	2357	8341	2056	152	2	1	0	0	NAR	0	0	0	282	0	-1	
Astra FTA 28.2°E	10936 V	Channel 4+1 (eng)	1	0	0	9750	10936	v	22000	3	2317	2316	257	2316	0	2319	8311	2056	24	2	1	0	0	eng	0	0	0	282	0	-1	
Astra FTA 28.2°E	10936 V	Channel 4+1 (NAR)	1	0	0	9750	10936	v	22000	3	2318	2316	257	2316	0	2319	8311	2056	152	2	1	0	0	NAR	0	0	0	282	0	-1	
Astra FTA 28.2°E	10936 V	Channel 4+1 (eng)	1	0	0	9750	10936	v	22000	3	2323	2322	258	2322	0	2324	8312	2056	24	2	1	0	0	eng	0	0	0	282	0	-1	
Astra FTA 28.2°E	10936 V	Channel 4+1 (NAR)	1	0	0	9750	10936	v	22000	3	2309	2322	258	2322	0	2324	8312	2056	152	2	1	0	0	NAR	0	0	0	282	0	-1	
Astra FTA 28.2°E	10936 V	Channel 4+1 (eng)	1	0	0	9750	10936	v	22000	3	2333	2332	263	2332	0	2334	8314	2056	24	2	1	0	0	eng	0	0	0	282	0	-1	
Astra FTA 28.2°E	10936 V	Channel 4+1 (NAR)	1	0	0	9750	10936	v	22000	3	2337	2332	263	2332	0	2334	8314	2056	152	2	1	0	0	NAR	0	0	0	282	0	-1	
Astra FTA 28.2°E	10936 V	Channel 4+1 (eng)	1	0	0	9750	10936	v	22000	3	2343	2342	266	2342	0	2344	8316	2056	24	2	1	0	0	eng	0	0	0	282	0	-1	
Astra FTA 28.2°E	10936 V	Channel 4+1 (NAR)	1	0	0	9750	10936	v	22000	3	2338	2342	266	2342	0	2344	8316	2056	152	2	1	0	0	NAR	0	0	0	282	0	-1	
Astra FTA 28.2°E	10936 V	E4+1 (eng)	1	0	0	9750	10936	v	22000	3	2348	2347	256	2347	0	2350	8300	2056	24	2	1	0	0	eng	0	0	0	282	0	-1	
Astra FTA 28.2°E	10936 V	E4+1 (NAR)	1	0	0	9750	10936	v	22000	3	2349	2347	256	2347	0	2350	8300	2056	152	2	1	0	0	NAR	0	0	0	282	0	-1	
Astra FTA 28.2°E	10936 V	More4 (eng)	1	0	0	9750	10936	v	22000	3	2360	2359	268	2359	0	2362	8340	2056	24	2	1	0	0	eng	0	0	0	282	0	-1	
Astra FTA 28.2°E	10936 V	More4 (NAR)	1	0	0	9750	10936	v	22000	3	2361	2359	268	2359	0	2362	8340	2056	152	2	1	0	0	NAR	0	0	0	282	0	-1	
Astra FTA 28.2°E	10964.25 H	Paramount (eng)	1	0	0	9750	10964	h	22000	3	2361	2360	268	2360	0	2363	7760	2057	24	2	1	0	0	eng	0	0	0	282	0	-1	
Astra FTA 28.2°E	10964.25 H	Paramount (NAR)	1	0	0	9750	10964	h	22000	3	2362	2360	268	2360	0	2363	7760	2057	152	2	1	0	0	NAR	0	0	0	282	0	-1	
Astra FTA 28.2°E	10964.25 H	Channel 5 (eng)	1	0	0	9750	10964	h	22000	3	2347	2346	267	2346	0	2349	7701	2057	24	2	1	0	0	eng	0	0	0	282	0	-1	
Astra FTA 28.2°E	10964.25 H	Channel 5 (NAR)	1	0	0	9750	10964	h	22000	3	2348	2346	267	2346	0	2349	7701	2057	152	2	1	0	0	NAR	0	0	0	282	0	-1	
Astra FTA 28.2°E	10964.25 H	Channel 5+1 (eng)	1	0	0	9750	10964	h	22000	3	2322	2321	262	2321	0	2324	7720	2057	24	2	1	0	0	eng	0	0	0	282	0	-1	
Astra FTA 28.2°E	10964.25 H	Channel 5+1 (NAR)	1	0	0	9750	10964	h	22000	3	2323	2321	262	2321	0	2324	7720	2057	152	2	1	0	0	NAR	0	0	0	282	0	-1	
Astra FTA 28.2°E	10964.25 H	5 USA (eng)	1	0	0	9750	10964	h	22000	3	2326	2325	258	2325	0	2328	7710	2057	24	2	1	0	0	eng	0	0	0	282	0	-1	
Astra FTA 28.2°E	10964.25 H	5 USA (NAR)	1	0	0	9750	10964	h	22000	3	2327	2325	258	2325	0	2328	7710	2057	152	2	1	0	0	NAR	0	0	0	282	0	-1	
Astra FTA 28.2°E	10964.25 H	5STAR (eng)	1	0	0	9750	10964	h	22000	3	2330	2329	260	2329	0	2332	7715	2057	24	2	1	0	0	eng	0	0	0	282	0	-1	
Astra FTA 28.2°E	10964.25 H	5STAR (NAR)	1	0	0	9750	10964	h	22000	3	2331	2329	260	2329	0	2332	7715	2057	152	2	1	0	0	NAR	0	0	0	282	0	-1	
Astra FTA 28.2°E	10964.25 H	5STAR+1 (eng)	1	0	0	9750	10964	h	22000	3	2342	2341	256	2341	0	2344	7717	2057	24	2	1	0	0	eng	0	0	0	282	0	-1	
Astra FTA 28.2°E	10964.25 H	5STAR+1 (NAR)	1	0	0	9750	10964	h	22000	3	2343	2341	256	2341	0	2344	7717	2057	152	2	1	0	0	NAR	0	0	0	282	0	-1	
Astra FTA 28.2°E	10964.25 H	5USA+1 (eng)	1	0	0	9750	10964	h	22000	3	2334	2333	259	2333	0	2335	7711	2057	24	2	1	0	0	eng	0	0	0	282	0	-1	
Astra FTA 28.2°E	10964.25 H	5USA+1 (NAR)	1	0	0	9750	10964	h	22000	3	2336	2333	259	2333	0	2335	7711	2057	152	2	1	0	0	NAR	0	0	0	282	0	-1	
Astra FTA 28.2°E	10964.25 H	5SELECT (eng)	1	0	0	9750	10964	h	22000	3	2338	2337	261	2337	0	2339	7716	2057	24	2	1	0	0	eng	0	0	0	282	0	-1	
Astra FTA 28.2°E	10964.25 H	5SELECT (NAR)	1	0	0	9750	10964	h	22000	3	2340	2337	261	2337	0	2339	7716	2057	152	2	1	0	0	NAR	0	0	0	282	0	-1	
Astra FTA 28.2°E	10964.25 H	Channel 5 HD (AC3,eng)	1	0	0	9750	10964	h	22000	3	2306	2305	257	2305	17	2308	7750	2057	24	2	1	0	0	eng	0	0	0	282	0	-1	
Astra FTA 28.2°E	10964.25 H	Channel 5 HD (NAR)	1	0	0	9750	10964	h	22000	3	2307	2305	257	2305	16	2308	7750	2057	152	2	1	0	0	NAR	0	0	0	282	0	-1	
Astra FTA 28.2°E	11023.25 H	BBCScotlandHD (AC3,eng)	1	0	0	9750	11023	h	23000	2	2308	2307	263	2307	17	2310	8924	2061	24	2	14	1	0	eng	0	0	0	282	0	-1	
Astra FTA 28.2°E	11023.25 H	BBCScotlandHD (NAR)	1	0	0	9750	11023	h	23000	2	2309	2307	263	2307	16	2310	8924	2061	152	2	14	1	0	NAR	0	0	0	282	0	-1	
Astra FTA 28.2°E	11023.25 H	BBC One ScotHD	1	0	0	9750	11023	h	23000	2	5101	5100	256	5100	17	5103	8901	2061	24	2	14	1	0	eng	0	0	0	282	0	-1	
Astra FTA 28.2°E	11023.25 H	BBC One Wal HD	1	0	0	9750	11023	h	23000	2	5201	5200	257	5200	17	5203	8911	2061	24	2	14	1	0	eng	0	0	0	282	0	-1	
Astra FTA 28.2°E	11023.25 H	BBC NEWS HD	1	0	0	9750	11023	h	23000	2	5001	5000	258	5000	17	5003	8921	2061	24	2	14	1	0	eng	0	0	0	282	0	-1	
Astra FTA 28.2°E	11023.25 H	CBeebies HD (AC3,eng)	1	0	0	9750	11023	h	23000	2	5301	5300	261	5300	17	5303	8932	2061	24	2	14	1	0	eng	0	0	0	282	0	-1	
Astra FTA 28.2°E	11023.25 H	CBeebies HD (NAR)	1	0	0	9750	11023	h	23000	2	5302	5300	261	5300	16	5303	8932	2061	152	2	14	1	0	NAR	0	0	0	282	0	-1	
Astra FTA 28.2°E	11023.25 H	BBC Four HD (AC3,eng)	1	0	0	9750	11023	h	23000	2	5301	5300	260	5300	17	5303	8931	2061	24	2	14	1	0	eng	0	0	0	282	0	-1	
Astra FTA 28.2°E	11023.25 H	BBC Four HD (NAR)	1	0	0	9750	11023	h	23000	2	5302	5300	260	5300	16	5303	8931	2061	152	2	14	1	0	NAR	0	0	0	282	0	-1	
Astra FTA 28.2°E	11038 V	HGTV (eng)	1	0	0	9750	11038	v	22000	3	2375	2374	262	2374	0	2377	52420	2062	24	2	1	0	0	eng	0	0	0	282	0	-1	
Astra FTA 28.2°E	11038 V	HGTV (NAR)	1	0	0	9750	11038	v	22000	3	2376	2374	262	2374	0	2377	52420	2062	152	2	1	0	0	NAR	0	0	0	282	0	-1	
Astra FTA 28.2°E	11038 V	Quest Red (eng)	1	0	0	9750	11038	v	22000	3	2320	2319	278	2319	0	2322	52450	2062	24	2	1	0	0	eng	0	0	0	282	0	-1	
Astra FTA 28.2°E	11038 V	Quest Red (NAR)	1	0	0	9750	11038	v	22000	3	2321	2319	278	2319	0	2322	52450	2062	152	2	1	0	0	NAR	0	0	0	282	0	-1	
Astra FTA 28.2°E	11038 V	DMAX (eng)	1	0	0	9750	11038	v	22000	3	2336	2335	265	2335	0	2327	52440	2062	24	2	1	0	0	eng	0	0	0	282	0	-1	
Astra FTA 28.2°E	11038 V	DMAX (NAR)	1	0	0	9750	11038	v	22000	3	2318	2335	265	2335	0	2327	52440	2062	152	2	1	0	0	NAR	0	0	0	282	0	-1	
Astra FTA 28.2°E	11052.75 H	ITV HD (AC3,eng)	1	0	0	9750	11053	h	23000	2	2317	2318	257	2318	17	2316	20750	2063	24	2	14	1	0	eng	0	0	0	282	0	-1	
Astra FTA 28.2°E	11052.75 H	ITV HD (NAR)	1	0	0	9750	11053	h	23000	2	2315	2318	257	2318	16	2316	20750	2063	152	2	14	1	0	NAR	0	0	0	282	0	-1	
Astra FTA 28.2°E	11052.75 H	ITV HD (AC3,eng)	1	0	0	9750	11053	h	23000	2	2314	2310	259	2310	17	2312	20760	2063	24	2	14	1	0	eng	0	0	0	282	0	-1	
Astra FTA 28.2°E	11052.75 H	ITV HD (NAR)	1	0	0	9750	11053	h	23000	2	2311	2310	259	2310	16	2312	20760	2063	152	2	14	1	0	NAR	0	0	0	282	0	-1	
Astra FTA 28.2°E	11052.75 H	ITV HD (AC3,eng)	1	0	0	9750	11053	h	23000	2	2326	2325	261	2325	17	2328	20770	2063	24	2	14	1	0	eng	0	0	0	282	0	-1	
Astra FTA 28.2°E	11052.75 H	ITV HD (NAR)	1	0	0	9750	11053	h	23000	2	2327	2325	261	2325	16	2328	20770	2063	152	2	14	1	0	NAR	0	0	0	282	0	-1	
Astra FTA 28.2°E	11052.75 H	ITV Wales HD (AC3,eng)	1	0	0	9750	11053	h	23000	2	2321	2320	256	2320	17	2323	20730	2063	24	2	14	1	0	eng	0	0	0	282	0	-1	
Astra FTA 28.2°E	11052.75 H	ITV Wales HD (NAR)	1	0	0	9750	11053	h	23000	2	2322	2320	256	2320	16	2323	20730	2063	152	2	14	1	0	NAR	0	0	0	282	0	-1	
Astra FTA 28.2°E	11052.75 H	ITV HD (AC3,eng)	1	0	0	9750	11053	h	23000	2	2331	2330	260	2330	17	2333	20740	2063	24	2	14	1	0	eng	0	0	0	282	0	-1	
Astra FTA 28.2°E	11052.75 H	ITV HD (NAR)	1	0	0	9750	11053	h	23000	2	2332	2330	260	2330	16	2333	20740	2063	152	2	14	1	0	NAR	0	0	0	282	0	-1	
Astra FTA 28.2°E	11067.5 V	ITV HD (AC3,eng)	1	0	0	9750	11068	v	23000	2	2327	2325	258	2325	17	2329	20840	2064	24	2	14	1	0	eng	0	0	0	282	0	-1	
Astra FTA 28.2°E	11067.5 V	ITV HD (NAR)	1	0	0	9750	11068	v	23000	2	2326	2325	258	2325	16	2329	20840	2064	152	2	14	1	0	NAR	0	0	0	282	0	-1	
Astra FTA 28.2°E	11067.5 V	ITV HD (AC3,eng)	1	0	0	9750	11068	v	23000	2	2311	2310	257	2310	17	2318	20850	2064	24	2	14	1	0	eng	0	0	0	282	0	-1	
Astra FTA 28.2°E	11067.5 V	ITV HD (NAR)	1	0	0	9750	11068	v	23000	2	2317	2310	257	2310	16	2318	20850	2064	152	2	14	1	0	NAR	0	0	0	282	0	-1	
Astra FTA 28.2°E	11067.5 V	ITV HD (AC3,eng)	1	0	0	9750	11068	v	23000	2	2322	2320	256	2320	17	2321	20820	2064	24	2	14	1	0	eng	0	0	0	282	0	-1	
Astra FTA 28.2°E	11067.5 V	ITV HD (NAR)	1	0	0	9750	11068	v	23000	2	2323	2320	256	2320	16	2321	20820	2064	152	2	14	1	0	NAR	0	0	0	282	0	-1	
Astra FTA 28.2°E	11067.5 V	STV HD (AC3,eng)	1	0	0	9750	11068	v	23000	2	2306	2305	261	2305	17	2308	20800	2064	24	2	14	1	0	eng	0	0	0	282	0	-1	
Astra FTA 28.2°E	11067.5 V	STV HD (NAR)	1	0	0	9750	11068	v	23000	2	2307	2305	261	2305	16	2308	20800	2064	152	2	14	1	0	NAR	0	0	0	282	0	-1	
Astra FTA 28.2°E	11067.5 V	UTV HD (AC3,eng)	1	0	0	9750	11068	v	23000	2	2313	2312	259	2312	17	2315	20810	2064	24	2	14	1	0	eng	0	0	0	282	0	-1	
Astra FTA 28.2°E	11067.5 V	UTV HD (NAR)	1	0	0	9750	11068	v	23000	2	2314	2312	259	2312	16	2315	20810	2064	152	2	14	1	0	NAR	0	0	0	282	0	-1	
Astra FTA 28.2°E	11082.25 H	Hillsong	1	0	0	9750	11082	h	22000	3	2337	2336	272	2336	0	0	50345	2065	24	2	1	0	0	eng	0	0	0	282	0	-1	
Astra FTA 28.2°E	11082.25 H	BLAZE	1	0	0	9750	11082	h	22000	3	2311	2310	263	2310	0	0	50350	2065	24	2	1	0	0	eng	0	0	0	282	0	-1	
Astra FTA 28.2°E	11082.25 H	Al Jazeera Eng	1	0	0	9750	11082	h	22000	3	2318	2317	258	2317	0	0	50395	2065	24	2	1	0	0	eng	0	0	0	282	0	-1	
Astra FTA 28.2°E	11082.25 H	Inspiration TV	1	0	0	9750	11082	h	22000	3	2316	2315	271	2315	0	0	50390	2065	24	2	1	0	0	eng	0	0	0	282	0	-1	
Astra FTA 28.2°E	11082.25 H	JewelleryMaker	1	0	0	9750	11082	h	22000	3	2335	2334	270	2334	0	0	50310	2065	24	2	1	0	0	eng	0	0	0	282	0	-1	
Astra FTA 28.2°E	11082.25 H	Sikh Channel	1	0	0	9750	11082	h	22000	3	2308	2307	264	2307	0	0	50335	2065	24	2	1	0	0	eng	0	0	0	282	0	-1	
Astra FTA 28.2°E	11082.25 H	Ahlulbayt TV	1	0	0	9750	11082	h	22000	3	2339	2338	266	2338	0	0	50325	2065	24	2	1	0	0	eng	0	0	0	282	0	-1	
Astra FTA 28.2°E	11082.25 H	NOW 80s	1	0	0	9750	11082	h	22000	3	2361	2360	257	2360	0	0	50306	2065	24	2	1	0	0	eng	0	0	0	282	0	-1	
Astra FTA 28.2°E	11082.25 H	Spotlight TV	1	0	0	9750	11082	h	22000	3	2331	2330	262	2330	0	0	50331	2065	24	2	1	0	0	eng	0	0	0	282	0	-1	
Astra FTA 28.2°E	11082.25 H	CNN	1	0	0	9750	11082	h	22000	3	2312	2309	261	2309	0	2313	50316	2065	24	2	1	0	0	eng	0	0	0	282	0	-1	
Astra FTA 28.2°E	11097 V	ITV HD (AC3,eng)	1	0	0	9750	11097	v	23000	2	2311	2310	256	2310	17	2312	21040	2066	24	2	14	1	0	eng	0	0	0	282	0	-1	
Astra FTA 28.2°E	11097 V	ITV HD (NAR)	1	0	0	9750	11097	v	23000	2	2313	2310	256	2310	16	2312	21040	2066	152	2	14	1	0	NAR	0	0	0	282	0	-1	
Astra FTA 28.2°E	11097 V	ITV HD (AC3,eng)	1	0	0	9750	11097	v	23000	2	2332	2331	259	2331	17	2334	21010	2066	24	2	14	1	0	eng	0	0	0	282	0	-1	
Astra FTA 28.2°E	11097 V	ITV HD (NAR)	1	0	0	9750	11097	v	23000	2	2333	2331	259	2331	16	2334	21010	2066	152	2	14	1	0	NAR	0	0	0	282	0	-1	
Astra FTA 28.2°E	11097 V	ITV HD (AC3,eng)	1	0	0	9750	11097	v	23000	2	2306	2305	258	2305	17	2308	21015	2066	24	2	14	1	0	eng	0	0	0	282	0	-1	
Astra FTA 28.2°E	11097 V	ITV HD (NAR)	1	0	0	9750	11097	v	23000	2	2307	2305	258	2305	16	2308	21015	2066	152	2	14	1	0	NAR	0	0	0	282	0	-1	
Astra FTA 28.2°E	11097 V	ITV HD (AC3,eng)	1	0	0	9750	11097	v	23000	2	2316	2315	257	2315	17	2318	21070	2066	24	2	14	1	0	eng	0	0	0	282	0	-1	
Astra FTA 28.2°E	11097 V	ITV HD (NAR)	1	0	0	9750	11097	v	23000	2	2317	2315	257	2315	16	2318	21070	2066	152	2	14	1	0	NAR	0	0	0	282	0	-1	
Astra FTA 28.2°E	11097 V	ITV HD (AC3,eng)	1	0	0	9750	11097	v	23000	2	2321	2320	260	2320	17	2323	21080	2066	24	2	14	1	0	eng	0	0	0	282	0	-1	
Astra FTA 28.2°E	11097 V	ITV HD (NAR)	1	0	0	9750	11097	v	23000	2	2322	2320	260	2320	16	2323	21080	2066	152	2	14	1	0	NAR	0	0	0	282	0	-1	
Astra FTA 28.2°E	11112 H	New Vision TV	1	0	0	9750	11112	h	22000	3	2327	2326	266	2326	0	0	50497	2067	24	2	1	0	0	eng	0	0	0	282	0	-1	
Astra FTA 28.2°E	11112 H	Dunya News	1	0	0	9750	11112	h	22000	3	2315	2305	268	2305	0	0	50490	2067	24	2	1	0	0	eng	0	0	0	282	0	-1	
Astra FTA 28.2°E	11112 H	Sanskar	1	0	0	9750	11112	h	22000	3	2342	2343	262	2343	0	0	50475	2067	24	2	1	0	0	eng	0	0	0	282	0	-1	
Astra FTA 28.2°E	11112 H	Gems TV	1	0	0	9750	11112	h	22000	3	2319	2318	263	2318	0	0	50411	2067	24	2	1	0	0	eng	0	0	0	282	0	-1	
Astra FTA 28.2°E	11112 H	Islam Channel	1	0	0	9750	11112	h	22000	3	2314	2313	273	2313	0	0	50415	2067	24	2	1	0	0	eng	0	0	0	282	0	-1	
Astra FTA 28.2°E	11112 H	MATV National	1	0	0	9750	11112	h	22000	3	2363	2362	261	2362	0	0	50495	2067	24	2	1	0	0	eng	0	0	0	282	0	-1	
Astra FTA 28.2°E	11112 H	Studio 66 3	1	0	0	9750	11112	h	22000	3	2312	2311	272	2311	0	0	50445	2067	24	2	1	0	0	eng	0	0	0	282	0	-1	
Astra FTA 28.2°E	11112 H	Brit Asia TV	1	0	0	9750	11112	h	22000	3	2321	2320	279	2320	0	0	50460	2067	24	2	1	0	0	eng	0	0	0	282	0	-1	
Astra FTA 28.2°E	11112 H	Channel 7	1	0	0	9750	11112	h	22000	3	2335	2334	274	2334	0	0	50420	2067	24	2	1	0	0	eng	0	0	0	282	0	-1	
Astra FTA 28.2°E	11112 H	Thane	1	0	0	9750	11112	h	22000	3	2308	2307	265	2307	0	0	50425	2067	24	2	1	0	0	eng	0	0	0	282	0	-1	
Astra FTA 28.2°E	11112 H	IQRA BANGLA	1	0	0	9750	11112	h	22000	3	2329	2328	264	2328	0	0	52023	2067	24	2	1	0	0	eng	0	0	0	282	0	-1	
Astra FTA 28.2°E	11112 H	ARY Digital	1	0	0	9750	11112	h	22000	3	2331	2330	267	2330	0	0	50470	2067	24	2	1	0	0	eng	0	0	0	282	0	-1	
Astra FTA 28.2°E	11112 H	Islam TV	1	0	0	9750	11112	h	22000	3	2324	2325	270	2325	0	0	52021	2067	24	2	1	0	0	eng	0	0	0	282	0	-1	
Astra FTA 28.2°E	11112 H	GEO News	1	0	0	9750	11112	h	22000	3	2340	2341	258	2306	0	0	50405	2067	24	2	1	0	0	eng	0	0	0	282	0	-1	
Astra FTA 28.2°E	11112 H	Arise News	1	0	0	9750	11112	h	22000	3	2606	2605	257	128	0	0	50400	2067	24	2	1	0	0	eng	0	0	0	282	0	-1	
Astra FTA 28.2°E	11112 H	High Street TV 3	1	0	0	9750	11112	h	22000	3	2317	2316	259	2316	0	0	50456	2067	24	2	1	0	0	eng	0	0	0	282	0	-1	
Astra FTA 28.2°E	11112 H	Faith UK	1	0	0	9750	11112	h	22000	3	2323	2322	280	2322	0	0	50450	2067	24	2	1	0	0	eng	0	0	0	282	0	-1	
Astra FTA 28.2°E	11112 H	IQRA TV	1	0	0	9750	11112	h	22000	3	2333	2332	269	2332	0	0	52202	2067	24	2	1	0	0		0	0	0	282	0	-1	
Astra FTA 28.2°E	11126.5 V	4seven (eng)	1	0	0	9750	11126	v	22000	3	2317	2316	260	2316	0	2318	21250	2068	24	2	1	0	0	eng	0	0	0	282	0	-1	
Astra FTA 28.2°E	11126.5 V	4seven (NAR)	1	0	0	9750	11126	v	22000	3	2319	2316	260	2316	0	2318	21250	2068	152	2	1	0	0	NAR	0	0	0	282	0	-1	
Astra FTA 28.2°E	11126.5 V	Channel 4 HD (AC3,eng)	1	0	0	9750	11126	v	22000	3	2306	2305	259	2305	17	2309	21200	2068	24	2	1	0	0	eng	0	0	0	282	0	-1	
Astra FTA 28.2°E	11126.5 V	Channel 4 HD (NAR)	1	0	0	9750	11126	v	22000	3	2307	2305	259	2305	16	2309	21200	2068	152	2	1	0	0	NAR	0	0	0	282	0	-1	
Astra FTA 28.2°E	11170.75 H	Akaal Channel	1	0	0	9750	11171	h	22000	3	2309	2308	258	2308	0	0	51116	2071	24	2	1	0	0	eng	0	0	0	282	0	-1	
Astra FTA 28.2°E	11225 V	Arirang TV HD	1	0	0	9750	11225	v	23000	1	2312	2309	260	2309	16	0	53150	2106	24	2	14	1	0	eng	0	0	0	282	0	-1	
Astra FTA 28.2°E	11225 V	Arirang TV HD (AC3)	1	0	0	9750	11225	v	23000	1	2311	2309	260	2309	17	0	53150	2106	152	2	14	1	0	eng	0	0	0	282	0	-1	
Astra FTA 28.2°E	11225 V	NHK World HD	1	0	0	9750	11225	v	23000	1	2317	2315	274	2315	16	0	53147	2106	24	2	14	1	0	eng	0	0	0	282	0	-1	
Astra FTA 28.2°E	11225 V	NHK World HD (AC3)	1	0	0	9750	11225	v	23000	1	2316	2315	274	2315	17	0	53147	2106	152	2	14	1	0	eng	0	0	0	282	0	-1	
Astra FTA 28.2°E	11225 V	RT HD	1	0	0	9750	11225	v	23000	1	2349	2348	259	2348	16	0	53148	2106	24	2	14	1	0	eng	0	0	0	282	0	-1	
Astra FTA 28.2°E	11225 V	RT HD (AC3)	1	0	0	9750	11225	v	23000	1	2350	2348	259	2348	17	0	53148	2106	152	2	14	1	0	eng	0	0	0	282	0	-1	
Astra FTA 28.2°E	11265 H	Box Hits	1	0	0	9750	11265	h	27500	1	2333	2334	274	2334	0	2335	7209	2107	24	2	1	0	0	eng	0	0	0	282	0	-1	
Astra FTA 28.2°E	11265 H	The Box	1	0	0	9750	11265	h	27500	1	2314	2312	273	2312	0	2313	7208	2107	24	2	1	0	0	eng	0	0	0	282	0	-1	
Astra FTA 28.2°E	11265 H	Kerrang!	1	0	0	9750	11265	h	27500	1	2339	2340	277	2340	0	2341	7212	2107	24	2	1	0	0	eng	0	0	0	282	0	-1	
Astra FTA 28.2°E	11265 H	KISS	1	0	0	9750	11265	h	27500	1	2316	2315	276	2315	0	2332	7211	2107	24	2	1	0	0	eng	0	0	0	282	0	-1	
Astra FTA 28.2°E	11265 H	Magic	1	0	0	9750	11265	h	27500	1	2310	2309	272	2309	0	2311	7207	2107	24	2	1	0	0	eng	0	0	0	282	0	-1	
Astra FTA 28.2°E	11265 V	WION HD (rus)	1	0	0	9750	11265	v	27500	1	2311	2309	257	2309	16	0	52119	2108	24	2	1	0	0	rus	0	0	0	282	0	-1	
Astra FTA 28.2°E	11265 V	WION HD (AC3,eng)	1	0	0	9750	11265	v	27500	1	2310	2309	257	2309	17	0	52119	2108	152	2	1	0	0	eng	0	0	0	282	0	-1	
Astra FTA 28.2°E	11265 V	TBN UK	1	0	0	9750	11265	v	27500	1	2364	2363	256	2363	0	0	52124	2108	24	2	1	0	0	eng	0	0	0	282	0	-1	
Astra FTA 28.2°E	11265 V	revelation	1	0	0	9750	11265	v	27500	1	2314	2313	273	5199	0	0	52127	2108	24	2	1	0	0	eng	0	0	0	282	0	-1	
Astra FTA 28.2°E	11265 V	EWTN Catholic	1	0	0	9750	11265	v	27500	1	2342	2341	258	2341	0	0	52136	2108	24	2	1	0	0	eng	0	0	0	282	0	-1	
Astra FTA 28.2°E	11265 V	mta-muslim tv (ben)	1	0	0	9750	11265	v	27500	1	2361	2354	259	2354	0	0	52123	2108	24	2	1	0	0	ben	0	0	0	282	0	-1	
Astra FTA 28.2°E	11265 V	mta-muslim tv (ara)	1	0	0	9750	11265	v	27500	1	2360	2354	259	2354	0	0	52123	2108	152	2	1	0	0	ara	0	0	0	282	0	-1	
Astra FTA 28.2°E	11265 V	mta-muslim tv (ger)	1	0	0	9750	11265	v	27500	1	2359	2354	259	2354	0	0	52123	2108	152	2	1	0	0	ger	0	0	0	282	0	-1	
Astra FTA 28.2°E	11265 V	mta-muslim tv (fre)	1	0	0	9750	11265	v	27500	1	2358	2354	259	2354	0	0	52123	2108	152	2	1	0	0	fre	0	0	0	282	0	-1	
Astra FTA 28.2°E	11265 V	mta-muslim tv (eng)	1	0	0	9750	11265	v	27500	1	2357	2354	259	2354	0	0	52123	2108	152	2	1	0	0	eng	0	0	0	282	0	-1	
Astra FTA 28.2°E	11265 V	mta-muslim tv (urd)	1	0	0	9750	11265	v	27500	1	2356	2354	259	2354	0	0	52123	2108	152	2	1	0	0	urd	0	0	0	282	0	-1	
Astra FTA 28.2°E	11265 V	mta-muslim tv (hin)	1	0	0	9750	11265	v	27500	1	2355	2354	259	2354	0	0	52123	2108	152	2	1	0	0	hin	0	0	0	282	0	-1	
Astra FTA 28.2°E	11265 V	PCNE Chinese (chi)	1	0	0	9750	11265	v	27500	1	2317	2315	260	4299	0	0	52118	2108	24	2	1	0	0	chi	0	0	0	282	0	-1	
Astra FTA 28.2°E	11265 V	PCNE Chinese (eng)	1	0	0	9750	11265	v	27500	1	2316	2315	260	4299	0	0	52118	2108	152	2	1	0	0	eng	0	0	0	282	0	-1	
Astra FTA 28.2°E	11307 V	GB News HD	1	0	0	9750	11307	v	27500	3	2324	2323	257	2323	17	0	53395	2110	24	2	1	0	0	eng	0	0	0	282	0	-1	
Astra FTA 28.2°E	11307 V	GREAT! classic	1	0	0	9750	11307	v	27500	3	2314	2313	284	2313	0	0	53320	2110	24	2	1	0	0	eng	0	0	0	282	0	-1	
Astra FTA 28.2°E	11307 V	GREAT! action	1	0	0	9750	11307	v	27500	3	2307	2306	269	2306	0	0	53310	2110	24	2	1	0	0	eng	0	0	0	282	0	-1	
Astra FTA 28.2°E	11307 V	GREAT! movies	1	0	0	9750	11307	v	27500	3	2350	2349	270	2349	0	0	53315	2110	24	2	1	0	0	eng	0	0	0	282	0	-1	
Astra FTA 28.2°E	11307 V	GREAT!action+1	1	0	0	9750	11307	v	27500	3	2320	2319	268	2319	0	0	53365	2110	24	2	1	0	0	eng	0	0	0	282	0	-1	
Astra FTA 28.2°E	11307 V	POP	1	0	0	9750	11307	v	27500	3	2316	2315	280	2315	0	0	53340	2110	24	2	1	0	0	eng	0	0	0	282	0	-1	
Astra FTA 28.2°E	11307 V	GREAT! class+1	1	0	0	9750	11307	v	27500	3	2318	2317	283	2317	0	0	53325	2110	24	2	1	0	0	eng	0	0	0	282	0	-1	
Astra FTA 28.2°E	11307 V	GREAT! movies+1	1	0	0	9750	11307	v	27500	3	2353	2352	271	2352	0	0	53355	2110	24	2	1	0	0	eng	0	0	0	282	0	-1	
Astra FTA 28.2°E	11307 V	Tiny Pop	1	0	0	9750	11307	v	27500	3	2322	2321	282	2321	0	0	53330	2110	24	2	1	0	0	eng	0	0	0	282	0	-1	
Astra FTA 28.2°E	11307 V	POP+1	1	0	0	9750	11307	v	27500	3	2340	2339	273	2339	0	0	53370	2110	24	2	1	0	0	eng	0	0	0	282	0	-1	
Astra FTA 28.2°E	11307 V	Tiny Pop+1	1	0	0	9750	11307	v	27500	3	2336	2335	279	2335	0	0	53345	2110	24	2	1	0	0	eng	0	0	0	282	0	-1	
Astra FTA 28.2°E	11307 V	POP Max	1	0	0	9750	11307	v	27500	3	2338	2337	278	2337	0	0	53350	2110	24	2	1	0	0	eng	0	0	0	282	0	-1	
Astra FTA 28.2°E	11307 V	POP Max+1	1	0	0	9750	11307	v	27500	3	2334	2333	276	2333	0	0	53360	2110	24	2	1	0	0	eng	0	0	0	282	0	-1	
Astra FTA 28.2°E	11307 V	GREAT! tv	1	0	0	9750	11307	v	27500	3	2342	2341	265	2341	0	0	53375	2110	24	2	1	0	0	eng	0	0	0	282	0	-1	
Astra FTA 28.2°E	11307 V	GREAT! tv+1	1	0	0	9750	11307	v	27500	3	2345	2344	256	2344	0	0	53380	2110	24	2	1	0	0	eng	0	0	0	282	0	-1	
Astra FTA 28.2°E	11344.5 H	HGTV (eng)	1	0	0	9750	11344	h	27500	3	2348	2346	265	2346	0	2347	53221	2111	24	2	1	0	0	eng	0	0	0	282	0	-1	
Astra FTA 28.2°E	11344.5 H	HGTV (NAR)	1	0	0	9750	11344	h	27500	3	2349	2346	265	2346	0	2347	53221	2111	152	2	1	0	0	NAR	0	0	0	282	0	-1	
Astra FTA 28.2°E	11344.5 H	HGTV+1 (eng)	1	0	0	9750	11344	h	27500	3	2352	2351	276	2351	0	2353	53231	2111	24	2	1	0	0	eng	0	0	0	282	0	-1	
Astra FTA 28.2°E	11344.5 H	HGTV+1 (NAR)	1	0	0	9750	11344	h	27500	3	2354	2351	276	2351	0	2353	53231	2111	152	2	1	0	0	NAR	0	0	0	282	0	-1	
Astra FTA 28.2°E	11344.5 H	Really (eng)	1	0	0	9750	11344	h	27500	3	2323	2309	262	2309	0	2340	53225	2111	24	2	1	0	0	eng	0	0	0	282	0	-1	
Astra FTA 28.2°E	11344.5 H	Really (NAR)	1	0	0	9750	11344	h	27500	3	2324	2309	262	2309	0	2340	53225	2111	152	2	1	0	0	NAR	0	0	0	282	0	-1	
Astra FTA 28.2°E	11343 V	CBS Reality (eng)	1	0	0	9750	11343	v	27500	3	2651	2650	285	2650	0	2346	55214	2112	24	2	1	0	0	eng	0	0	0	282	0	-1	
Astra FTA 28.2°E	11343 V	CBS Reality (NAR)	1	0	0	9750	11343	v	27500	3	2327	2650	285	2650	0	2346	55214	2112	152	2	1	0	0	NAR	0	0	0	282	0	-1	
Astra FTA 28.2°E	11343 V	Trace Hits	1	0	0	9750	11343	v	27500	3	2356	2355	262	2355	0	0	55207	2112	24	2	1	0	0	eng	0	0	0	282	0	-1	
Astra FTA 28.2°E	11343 V	CBS Reality+1	1	0	0	9750	11343	v	27500	3	2313	2312	275	2312	0	2347	55217	2112	24	2	1	0	0	eng	0	0	0	282	0	-1	
Astra FTA 28.2°E	11343 V	horror channel	1	0	0	9750	11343	v	27500	3	2308	2307	286	2307	0	0	55202	2112	24	2	1	0	0	eng	0	0	0	282	0	-1	
Astra FTA 28.2°E	11343 V	CBS Drama	1	0	0	9750	11343	v	27500	3	3081	3080	270	3080	0	0	50903	2112	24	2	1	0	0	eng	0	0	0	282	0	-1	
Astra FTA 28.2°E	11343 V	Trace Vault	1	0	0	9750	11343	v	27500	3	2390	2389	263	2389	0	0	55210	2112	24	2	1	0	0	eng	0	0	0	282	0	-1	
Astra FTA 28.2°E	11343 V	horror ch+1	1	0	0	9750	11343	v	27500	3	2315	2314	276	2314	0	0	55218	2112	24	2	1	0	0	eng	0	0	0	282	0	-1	
Astra FTA 28.2°E	11343 V	CBS Justice	1	0	0	9750	11343	v	27500	3	2645	2644	277	2644	0	0	55209	2112	24	2	1	0	0	eng	0	0	0	282	0	-1	
Astra FTA 28.2°E	11343 V	PBS America	1	0	0	9750	11343	v	27500	3	2374	2373	264	2373	0	2375	55213	2112	24	2	1	0	0	eng	0	0	0	282	0	-1	
Astra FTA 28.2°E	11343 V	S4C (wel)	1	0	0	9750	11343	v	27500	3	2362	2360	269	2360	0	2364	55295	2112	24	2	1	0	0	wel	0	0	0	282	0	-1	
Astra FTA 28.2°E	11343 V	S4C (NAR)	1	0	0	9750	11343	v	27500	3	2363	2360	269	2360	0	2364	55295	2112	152	2	1	0	0	NAR	0	0	0	282	0	-1	
Astra FTA 28.2°E	11343 V	S4C (eng)	1	0	0	9750	11343	v	27500	3	2361	2360	269	2360	0	2364	55295	2112	152	2	1	0	0	eng	0	0	0	282	0	-1	
Astra FTA 28.2°E	11426.5 V	QUEST HD (AC3,eng)	1	0	0	9750	11426	v	29500	5	2306	2305	257	2305	17	2310	52580	2116	24	2	5	1	0	eng	0	0	0	282	0	-1	
Astra FTA 28.2°E	11426.5 V	QUEST HD (NAR)	1	0	0	9750	11426	v	29500	5	2309	2305	257	2305	16	2310	52580	2116	152	2	5	1	0	NAR	0	0	0	282	0	-1	
Astra FTA 28.2°E	11426.5 V	FreeSports HD	1	0	0	9750	11426	v	29500	5	2314	2313	259	2313	17	0	52575	2116	24	2	5	1	0	eng	0	0	0	282	0	-1	
Astra FTA 28.2°E	11426.5 V	S4C HD (AC3,wel)	1	0	0	9750	11426	v	29500	5	2342	2340	258	2340	17	2344	52565	2116	24	2	5	1	0	wel	0	0	0	282	0	-1	
Astra FTA 28.2°E	11426.5 V	S4C HD (NAR)	1	0	0	9750	11426	v	29500	5	2343	2340	258	2340	16	2344	52565	2116	152	2	5	1	0	NAR	0	0	0	282	0	-1	
Astra FTA 28.2°E	11426.5 V	S4C HD (AC3,eng)	1	0	0	9750	11426	v	29500	5	2341	2340	258	2340	17	2344	52565	2116	152	2	5	1	0	eng	0	0	0	282	0	-1	
Astra FTA 28.2°E	11464.25 H	Smithsonian	1	0	0	9750	11464	h	22000	3	2317	2316	261	2316	0	0	54210	2089	24	2	1	0	0	eng	0	0	0	282	0	-1	
Astra FTA 28.2°E	11464.25 H	Gemporia Craft	1	0	0	9750	11464	h	22000	3	2324	2320	272	2320	0	0	54230	2089	24	2	1	0	0	eng	0	0	0	282	0	-1	
Astra FTA 28.2°E	11464.25 H	BEN	1	0	0	9750	11464	h	22000	3	2349	2348	258	2348	0	0	54223	2089	24	2	1	0	0	eng	0	0	0	282	0	-1	
Astra FTA 28.2°E	11464.25 H	Aastha	1	0	0	9750	11464	h	22000	3	2332	2331	269	2331	0	0	54229	2089	24	2	1	0	0	eng	0	0	0	282	0	-1	
Astra FTA 28.2°E	11464.25 H	Samaa	1	0	0	9750	11464	h	22000	3	2322	2323	268	2323	0	0	54212	2089	24	2	1	0	0	eng	0	0	0	282	0	-1	
Astra FTA 28.2°E	11464.25 H	NTV	1	0	0	9750	11464	h	22000	3	2359	2358	256	2358	0	0	54221	2089	24	2	1	0	0	eng	0	0	0	282	0	-1	
Astra FTA 28.2°E	11464.25 H	Euronews	1	0	0	9750	11464	h	22000	3	2311	2310	262	2310	0	0	54224	2089	24	2	1	0	0	eng	0	0	0	282	0	-1	
Astra FTA 28.2°E	11464.25 H	Islam Ch Urdu	1	0	0	9750	11464	h	22000	3	2319	2318	271	2318	0	0	54217	2089	24	2	1	0	0	eng	0	0	0	282	0	-1	
Astra FTA 28.2°E	11464.25 H	British Muslim	1	0	0	9750	11464	h	22000	3	2336	2335	257	2335	0	0	54225	2089	24	2	1	0	0	eng	0	0	0	282	0	-1	
Astra FTA 28.2°E	11464.25 H	TV One	1	0	0	9750	11464	h	22000	3	2308	2307	264	2307	0	0	54226	2089	24	2	1	0	0	eng	0	0	0	282	0	-1	
Astra FTA 28.2°E	11464.25 H	PTC PUNJABI	1	0	0	9750	11464	h	22000	3	2313	2312	260	2312	0	0	54211	2089	24	2	1	0	0	eng	0	0	0	282	0	-1	
Astra FTA 28.2°E	11479 V	KTV	1	0	0	9750	11479	v	22000	3	2326	2325	268	2325	0	0	50883	2090	24	2	1	0	0	eng	0	0	0	282	0	-1	
Astra FTA 28.2°E	11479 V	A1TV	1	0	0	9750	11479	v	22000	3	2328	2327	262	2327	0	0	50897	2090	24	2	1	0	0	eng	0	0	0	282	0	-1	
Astra FTA 28.2°E	11479 V	Vox Africa	1	0	0	9750	11479	v	22000	3	2316	2315	260	2315	0	0	50888	2090	24	2	1	0	0	eng	0	0	0	282	0	-1	
Astra FTA 28.2°E	11479 V	Sangat	1	0	0	9750	11479	v	22000	3	2332	2331	265	2331	0	0	50891	2090	24	2	1	0	0	eng	0	0	0	282	0	-1	
Astra FTA 28.2°E	11479 V	CNBC	1	0	0	9750	11479	v	22000	3	2363	2362	266	2362	0	0	50882	2090	24	2	1	0	0	eng	0	0	0	282	0	-1	
Astra FTA 28.2°E	11479 V	Venus TV	1	0	0	9750	11479	v	22000	3	2322	2321	276	2321	0	0	50884	2090	24	2	1	0	0	eng	0	0	0	282	0	-1	
Astra FTA 28.2°E	11479 V	Madani Chnl	1	0	0	9750	11479	v	22000	3	2343	2342	269	2342	0	0	50887	2090	24	2	1	0	0	eng	0	0	0	282	0	-1	
Astra FTA 28.2°E	11479 V	Hidayat TV	1	0	0	9750	11479	v	22000	3	2306	2305	259	2305	0	0	50885	2090	24	2	1	0	0	eng	0	0	0	282	0	-1	
Astra FTA 28.2°E	11479 V	TRT World	1	0	0	9750	11479	v	22000	3	2324	2323	256	2323	0	0	50881	2090	24	2	1	0	0	eng	0	0	0	282	0	-1	
Astra FTA 28.2°E	11479 V	TVC News	1	0	0	9750	11479	v	22000	3	2340	2339	264	2339	0	0	50895	2090	24	2	1	0	0	eng	0	0	0	282	0	-1	
Astra FTA 28.2°E	11493.75 H	QVC Extra	1	0	0	9750	11494	h	22000	3	2308	2307	261	2307	0	0	22301	2091	24	2	1	0	0	eng	0	0	0	282	0	-1	
Astra FTA 28.2°E	11493.75 H	QVC Beauty	1	0	0	9750	11494	h	22000	3	2310	2309	262	2309	0	0	22303	2091	24	2	1	0	0	eng	0	0	0	282	0	-1	
Astra FTA 28.2°E	11493.75 H	QVC Style	1	0	0	9750	11494	h	22000	3	2306	2305	263	2305	0	0	22302	2091	24	2	1	0	0	eng	0	0	0	282	0	-1	
Astra FTA 28.2°E	11493.75 H	QVC	1	0	0	9750	11494	h	22000	3	2314	2313	257	2313	0	0	22304	2091	24	2	1	0	0	eng	0	0	0	282	0	-1	
Astra FTA 28.2°E	11508.5 V	Smithsonian HD	1	0	0	9750	11508	v	23000	1	2310	2309	262	2309	17	0	55271	2092	24	2	14	1	0	eng	0	0	0	282	0	-1	
Astra FTA 28.2°E	11508.5 V	TRT World HD	1	0	0	9750	11508	v	23000	1	2322	2320	256	2320	16	2323	55273	2092	24	2	14	1	0	eng	0	0	0	282	0	-1	
Astra FTA 28.2°E	11508.5 V	TRT World HD (AC3)	1	0	0	9750	11508	v	23000	1	2321	2320	256	2320	17	2323	55273	2092	152	2	14	1	0	eng	0	0	0	282	0	-1	
Astra FTA 28.2°E	11538 V	Hi-Impact TV	1	0	0	9750	11538	v	22000	3	2349	2348	258	2348	0	0	22617	2094	24	2	1	0	0	eng	0	0	0	282	0	-1	
Astra FTA 28.2°E	11538 V	SportyStuff HD	1	0	0	9750	11538	v	22000	3	2331	2330	263	2330	17	0	22631	2094	24	2	1	0	0	eng	0	0	0	282	0	-1	
Astra FTA 28.2°E	11538 V	Word Network	1	0	0	9750	11538	v	22000	3	2343	2342	295	2342	0	0	22610	2094	24	2	1	0	0	eng	0	0	0	282	0	-1	
Astra FTA 28.2°E	11538 V	Showcase	1	0	0	9750	11538	v	22000	3	2308	2307	261	2307	0	0	22614	2094	24	2	1	0	0	eng	0	0	0	282	0	-1	
Astra FTA 28.2°E	11538 V	Xpanded TV2	1	0	0	9750	11538	v	22000	3	2312	2311	272	2311	0	0	22604	2094	24	2	1	0	0	eng	0	0	0	282	0	-1	
Astra FTA 28.2°E	11538 V	KICC TV	1	0	0	9750	11538	v	22000	3	2318	2317	274	2317	0	0	22608	2094	24	2	1	0	0	eng	0	0	0	282	0	-1	
Astra FTA 28.2°E	11538 V	CHSTV	1	0	0	9750	11538	v	22000	3	2345	2344	264	2344	0	0	22602	2094	24	2	1	0	0	eng	0	0	0	282	0	-1	
Astra FTA 28.2°E	11538 V	92 News	1	0	0	9750	11538	v	22000	3	2322	2321	260	2321	0	0	22615	2094	24	2	1	0	0	eng	0	0	0	282	0	-1	
Astra FTA 28.2°E	11538 V	Xpanded TV	1	0	0	9750	11538	v	22000	3	2320	2319	276	2319	0	0	22609	2094	24	2	1	0	0	eng	0	0	0	282	0	-1	
Astra FTA 28.2°E	11538 V	iON TV	1	0	0	9750	11538	v	22000	3	2334	2333	262	2333	0	0	22616	2094	24	2	1	0	0	eng	0	0	0	282	0	-1	
Astra FTA 28.2°E	11538 V	TalkingPictures	1	0	0	9750	11538	v	22000	3	2316	2315	270	2315	0	2346	22606	2094	24	2	1	0	0	eng	0	0	0	282	0	-1	
Astra FTA 28.2°E	11538 V	Channel 44	1	0	0	9750	11538	v	22000	3	2336	2335	259	2335	0	0	22620	2094	24	2	1	0	0	eng	0	0	0	282	0	-1	
Astra FTA 28.2°E	11538 V	ATN	1	0	0	9750	11538	v	22000	3	2306	2305	267	2305	0	0	22601	2094	24	2	1	0	0	eng	0	0	0	282	0	-1	
Astra FTA 28.2°E	11538 V	Ahlebait TV	1	0	0	9750	11538	v	22000	3	2310	2309	268	2309	0	0	22603	2094	24	2	1	0	0	eng	0	0	0	282	0	-1	
Astra FTA 28.2°E	11552.75 H	TJC	1	0	0	9750	11553	h	22000	3	2347	2346	267	2346	0	0	55100	2095	24	2	1	0	0	eng	0	0	0	282	0	-1	
Astra FTA 28.2°E	11552.75 H	YANGA!	1	0	0	9750	11553	h	22000	3	2308	2305	275	2305	0	0	55105	2095	24	2	1	0	0	eng	0	0	0	282	0	-1	
Astra FTA 28.2°E	11552.75 H	Live 360	1	0	0	9750	11553	h	22000	3	2329	2328	272	2328	0	0	55180	2095	24	2	1	0	0	eng	0	0	0	282	0	-1	
Astra FTA 28.2°E	11552.75 H	Good News TV	1	0	0	9750	11553	h	22000	3	2327	2326	284	2326	0	0	55103	2095	24	2	1	0	0	eng	0	0	0	282	0	-1	
Astra FTA 28.2°E	11552.75 H	Celebration TV	1	0	0	9750	11553	h	22000	3	2341	2340	285	2340	0	0	55145	2095	24	2	1	0	0	eng	0	0	0	282	0	-1	
Astra FTA 28.2°E	11552.75 H	Deen TV	1	0	0	9750	11553	h	22000	3	2315	2314	260	2314	0	0	55185	2095	24	2	1	0	0	eng	0	0	0	282	0	-1	
Astra FTA 28.2°E	11552.75 H	NDTV 24x7	1	0	0	9750	11553	h	22000	3	2361	2360	269	2360	0	0	55116	2095	24	2	1	0	0	eng	0	0	0	282	0	-1	
Astra FTA 28.2°E	11552.75 H	The Craft Store	1	0	0	9750	11553	h	22000	3	2333	2332	305	2332	0	0	9537	2095	24	2	1	0	0	eng	0	0	0	282	0	-1	
Astra FTA 28.2°E	11552.75 H	High Street TV 4	1	0	0	9750	11553	h	22000	3	2339	2338	266	2338	0	0	55104	2095	24	2	1	0	0	eng	0	0	0	282	0	-1	
Astra FTA 28.2°E	11552.75 H	PTV Global	1	0	0	9750	11553	h	22000	3	2337	2335	259	2335	0	0	55151	2095	24	2	1	0	0	eng	0	0	0	282	0	-1	
Astra FTA 28.2°E	11552.75 H	NOW 90s	1	0	0	9750	11553	h	22000	3	2561	2560	261	2560	0	0	55114	2095	24	2	1	0	0	eng	0	0	0	282	0	-1	
Astra FTA 28.2°E	11552.75 H	Noor TV	1	0	0	9750	11553	h	22000	3	2356	2355	264	2355	0	0	55109	2095	24	2	1	0	0	eng	0	0	0	282	0	-1	
Astra FTA 28.2°E	11552.75 H	NTD	1	0	0	9750	11553	h	22000	3	2307	2306	257	2306	0	0	55106	2095	24	2	1	0	0	eng	0	0	0	282	0	-1	
Astra FTA 28.2°E	11552.75 H	Clubland TV	1	0	0	9750	11553	h	22000	3	2558	2557	256	2557	0	0	55113	2095	24	2	1	0	0	eng	0	0	0	282	0	-1	
Astra FTA 28.2°E	11552.75 H	Channels 24	1	0	0	9750	11553	h	22000	3	2349	2348	262	2348	0	0	55141	2095	24	2	1	0	0	eng	0	0	0	282	0	-1	
Astra FTA 28.2°E	11552.75 H	High Street TV 2	1	0	0	9750	11553	h	22000	3	2353	2352	273	2352	0	0	55102	2095	24	2	1	0	0	eng	0	0	0	282	0	-1	
Astra FTA 28.2°E	11567.5 V	High Street TV 5	1	0	0	9750	11568	v	22000	3	2319	2318	274	2318	0	0	54103	2096	24	2	1	0	0	eng	0	0	0	282	0	-1	
Astra FTA 28.2°E	11567.5 V	Court TV	1	0	0	9750	11568	v	22000	3	2306	2305	269	2305	0	0	54140	2096	24	2	1	0	0	eng	0	0	0	282	0	-1	
Astra FTA 28.2°E	11567.5 V	Travelxp	1	0	0	9750	11568	v	22000	3	2327	2326	268	2326	0	0	54125	2096	24	2	1	0	0	eng	0	0	0	282	0	-1	
Astra FTA 28.2°E	11567.5 V	Republic Bharat	1	0	0	9750	11568	v	22000	3	2323	2320	271	2320	0	0	54146	2096	24	2	1	0	0	eng	0	0	0	282	0	-1	
Astra FTA 28.2°E	11567.5 V	GOD Channel	1	0	0	9750	11568	v	22000	3	2309	2308	266	2308	0	0	54113	2096	24	2	1	0	0	eng	0	0	0	282	0	-1	
Astra FTA 28.2°E	11567.5 V	RT	1	0	0	9750	11568	v	22000	3	2357	2356	262	2356	0	0	54115	2096	24	2	1	0	0	eng	0	0	0	282	0	-1	
Astra FTA 28.2°E	11567.5 V	AAJ TAK	1	0	0	9750	11568	v	22000	3	2315	2314	257	2314	0	0	54165	2096	24	2	1	0	0	eng	0	0	0	282	0	-1	
Astra FTA 28.2°E	11567.5 V	ROK	1	0	0	9750	11568	v	22000	3	2325	2324	272	2324	0	0	54171	2096	24	2	1	0	0	eng	0	0	0	282	0	-1	
Astra FTA 28.2°E	11567.5 V	High Street TV 1	1	0	0	9750	11568	v	22000	3	2345	2344	261	2344	0	0	54175	2096	24	2	1	0	0	eng	0	0	0	282	0	-1	
Astra FTA 28.2°E	11567.5 V	TV Warehouse	1	0	0	9750	11568	v	22000	3	2331	2330	265	2330	0	0	54180	2096	24	2	1	0	0	eng	0	0	0	282	0	-1	
Astra FTA 28.2°E	11567.5 V	Best Direct	1	0	0	9750	11568	v	22000	3	2322	2321	256	2321	0	0	54112	2096	24	2	1	0	0	eng	0	0	0	282	0	-1	
Astra FTA 28.2°E	11567.5 V	GEO TV	1	0	0	9750	11568	v	22000	3	2312	2311	267	2311	0	0	54185	2096	24	2	1	0	0	eng	0	0	0	282	0	-1	
Astra FTA 28.2°E	11567.5 V	Faith World TV	1	0	0	9750	11568	v	22000	3	2329	2328	273	2328	0	0	54170	2096	24	2	1	0	0	eng	0	0	0	282	0	-1	
Astra FTA 28.2°E	11567.5 V	JML Direct	1	0	0	9750	11568	v	22000	3	2338	2337	270	2337	0	0	54150	2096	24	2	1	0	0	eng	0	0	0	282	0	-1	
Astra FTA 28.2°E	11582.25 H	Al Jazeera HD (AC3,eng)	1	0	0	9750	11582	h	22000	3	2316	2315	264	2315	17	0	52189	2097	24	2	1	0	0	eng	0	0	0	282	0	-1	
Astra FTA 28.2°E	11582.25 H	Al Jazeera HD (NAR)	1	0	0	9750	11582	h	22000	3	2317	2315	264	2315	16	0	52189	2097	152	2	1	0	0	NAR	0	0	0	282	0	-1	
Astra FTA 28.2°E	11582.25 H	Foodxp	1	0	0	9750	11582	h	22000	3	2318	2319	257	2319	0	0	52104	2097	24	2	1	0	0	eng	0	0	0	282	0	-1	
Astra FTA 28.2°E	11582.25 H	Pitaara	1	0	0	9750	11582	h	22000	3	2307	2306	256	2306	0	0	52102	2097	24	2	1	0	0	eng	0	0	0	282	0	-1	
Astra FTA 28.2°E	11582.25 H	Eman Channel	1	0	0	9750	11582	h	22000	3	2366	2365	266	2365	0	0	52140	2097	24	2	1	0	0	eng	0	0	0	282	0	-1	
Astra FTA 28.2°E	11582.25 H	Babenation	1	0	0	9750	11582	h	22000	3	2369	2368	260	2368	0	0	52112	2097	24	2	1	0	0	eng	0	0	0	282	0	-1	
Astra FTA 28.2°E	11582.25 H	NOW 70s	1	0	0	9750	11582	h	22000	3	607	707	268	707	0	0	52107	2097	24	2	1	0	0	eng	0	0	0	282	0	-1	
Astra FTA 28.2°E	11582.25 H	Kanshi TV	1	0	0	9750	11582	h	22000	3	2313	2312	259	2312	0	0	52106	2097	24	2	1	0	0	eng	0	0	0	282	0	-1	
Astra FTA 28.2°E	11597 V	HUM Masala	1	0	0	9750	11597	v	22000	3	2332	2331	258	2331	0	0	53546	2098	24	2	1	0	0	eng	0	0	0	282	0	-1	
Astra FTA 28.2°E	11597 V	Craft Extra	1	0	0	9750	11597	v	22000	3	2323	2322	259	2322	0	0	53540	2098	24	2	1	0	0	eng	0	0	0	282	0	-1	
Astra FTA 28.2°E	11597 V	SonLife (spa)	1	0	0	9750	11597	v	22000	3	2312	2310	257	2310	0	2317	53560	2098	24	2	1	0	0	spa	0	0	0	282	0	-1	
Astra FTA 28.2°E	11597 V	SonLife (eng)	1	0	0	9750	11597	v	22000	3	2311	2310	257	2310	0	2317	53560	2098	152	2	1	0	0	eng	0	0	0	282	0	-1	
Astra FTA 28.2°E	11597 V	Takbeer TV	1	0	0	9750	11597	v	22000	3	2335	2334	277	2334	0	0	53558	2098	24	2	1	0	0	eng	0	0	0	282	0	-1	
Astra FTA 28.2°E	11597 V	HUM EUROPE	1	0	0	9750	11597	v	22000	3	2344	2343	264	2343	0	0	53580	2098	24	2	1	0	0	eng	0	0	0	282	0	-1	
Astra FTA 28.2°E	11597 V	Ideal Extra	1	0	0	9750	11597	v	22000	3	2326	2325	273	2325	0	0	53555	2098	24	2	1	0	0	eng	0	0	0	282	0	-1	
Astra FTA 28.2°E	11670.75 H	CNN HD	1	0	0	9750	11671	h	23000	1	2325	2324	256	2324	16	0	50290	2103	24	2	14	1	0	eng	0	0	0	282	0	-1	
Astra FTA 28.2°E	11670.75 H	CNN HD (AC3)	1	0	0	9750	11671	h	23000	1	2326	2324	256	2324	17	0	50290	2103	152	2	14	1	0	eng	0	0	0	282	0	-1	
Astra FTA 28.2°E	11670.75 H	Iran Int'l HD	1	0	0	9750	11671	h	23000	1	2310	2309	263	2309	17	0	50250	2103	24	2	14	1	0	eng	0	0	0	282	0	-1	
Astra FTA 28.2°E	11670.75 H	LoveWorld HD	1	0	0	9750	11671	h	23000	1	2312	2311	262	2311	17	0	50255	2103	24	2	14	1	0	eng	0	0	0	282	0	-1	
Astra FTA 28.2°E	11670.75 H	Ideal World HD	1	0	0	9750	11671	h	23000	1	2306	2305	257	2305	17	0	50240	2103	24	2	14	1	0	eng	0	0	0	282	0	-1	
Astra FTA 28.2°E	11670.75 H	Create&CraftHD	1	0	0	9750	11671	h	23000	1	2308	2307	258	2307	17	0	50245	2103	24	2	14	1	0	eng	0	0	0	282	0	-1	
Astra FTA 28.2°E	11685.5 V	Bloomberg HD	1	0	0	9750	11686	v	23000	1	2337	2335	259	2335	17	0	55392	2104	24	2	14	1	0	eng	0	0	0	282	0	-1	
Astra FTA 28.2°E	11685.5 V	TJC HD	1	0	0	9750	11686	v	23000	1	2314	2313	256	2313	17	0	55315	2104	24	2	14	1	0	eng	0	0	0	282	0	-1	
Astra FTA 28.2°E	11685.5 V	FRANCE 24 HD	1	0	0	9750	11686	v	23000	1	2321	2320	261	2320	17	0	55310	2104	24	2	14	1	0	eng	0	0	0	282	0	-1	
Astra FTA 28.2°E	11685.5 V	DAYSTAR HD	1	0	0	9750	11686	v	23000	1	2310	2309	260	2309	17	0	55305	2104	24	2	14	1	0	eng	0	0	0	282	0	-1	
Astra FTA 28.2°E	11836.5 H	Together	1	0	1	10600	11836	h	27500	3	660	527	256	8190	0	584	5872	2007	24	2	1	0	0	eng	0	0	0	282	0	-1	
Astra FTA 28.2°E	11836.5 H	Challenge (eng)	1	0	1	10600	11836	h	27500	3	650	522	262	8190	0	586	6031	2007	24	2	1	0	0	eng	0	0	0	282	0	-1	
Astra FTA 28.2°E	11836.5 H	Challenge (NAR)	1	0	1	10600	11836	h	27500	3	670	522	262	8190	0	586	6031	2007	152	2	1	0	0	NAR	0	0	0	282	0	-1	
Astra FTA 28.2°E	11836.5 H	Forces TV	1	0	1	10600	11836	h	27500	3	649	521	272	8190	0	0	6033	2007	24	2	1	0	0	eng	0	0	0	282	0	-1	
Astra FTA 28.2°E	11914.5 H	Sky Arts (eng)	1	0	1	10600	11914	h	27500	3	645	515	264	8190	0	578	5229	2011	24	2	1	0	0	eng	0	0	0	282	0	-1	
Astra FTA 28.2°E	11914.5 H	Sky Arts (NAR)	1	0	1	10600	11914	h	27500	3	646	515	264	8190	0	578	5229	2011	152	2	1	0	0	NAR	0	0	0	282	0	-1	
Astra FTA 28.2°E	11934 V	Sky	1	0	1	10600	11934	v	27500	3	651	523	268	8190	0	0	4505	2012	24	2	1	0	0	eng	0	0	0	282	0	-1	
Astra FTA 28.2°E	11934 V	Sky Intro	1	0	1	10600	11934	v	27500	3	651	523	264	8190	0	0	5004	2012	24	2	1	0	0	eng	0	0	0	282	0	-1	
Astra FTA 28.2°E	11934 V	Sky Intro	1	0	1	10600	11934	v	27500	3	651	523	269	8190	0	0	4525	2012	24	2	1	0	0	eng	0	0	0	282	0	-1	
Astra FTA 28.2°E	11934 V	Sky Intro	1	0	1	10600	11934	v	27500	3	651	523	266	8190	0	0	4515	2012	24	2	1	0	0	eng	0	0	0	282	0	-1	
Astra FTA 28.2°E	11934 V	Challenge (eng)	1	0	1	10600	11934	v	27500	3	653	524	274	8190	0	588	6160	2012	24	2	1	0	0	eng	0	0	0	282	0	-1	
Astra FTA 28.2°E	11934 V	Challenge (NAR)	1	0	1	10600	11934	v	27500	3	655	524	274	8190	0	588	6160	2012	152	2	1	0	0	NAR	0	0	0	282	0	-1	
Astra FTA 28.2°E	12070.5 H	Sky News	1	0	1	10600	12070	h	27500	3	655	525	300	8190	0	580	6404	2019	24	2	1	0	0	eng	0	0	0	282	0	-1	
Astra FTA 28.2°E	12070.5 H	Sky Arts (eng)	1	0	1	10600	12070	h	27500	3	659	526	299	8190	0	581	5752	2019	24	2	1	0	0	eng	0	0	0	282	0	-1	
Astra FTA 28.2°E	12070.5 H	Sky Arts (NAR)	1	0	1	10600	12070	h	27500	3	656	526	299	8190	0	581	5752	2019	152	2	1	0	0	NAR	0	0	0	282	0	-1	
Astra FTA 28.2°E	12070.5 H	Pick (eng)	1	0	1	10600	12070	h	27500	3	661	527	257	8190	0	582	5832	2019	24	2	1	0	0	eng	0	0	0	282	0	-1	
Astra FTA 28.2°E	12070.5 H	Pick (NAR)	1	0	1	10600	12070	h	27500	3	662	527	257	8190	0	582	5832	2019	152	2	1	0	0	NAR	0	0	0	282	0	-1	
Astra FTA 28.2°E	12070.5 H	Pick+1 (eng)	1	0	1	10600	12070	h	27500	3	663	528	301	8190	0	583	5836	2019	24	2	1	0	0	eng	0	0	0	282	0	-1	
Astra FTA 28.2°E	12070.5 H	Pick+1 (NAR)	1	0	1	10600	12070	h	27500	3	664	528	301	8190	0	583	5836	2019	152	2	1	0	0	NAR	0	0	0	282	0	-1	
Astra FTA 28.2°E	12129 V	Drama+1	1	0	1	10600	12129	v	27500	3	2381	2380	268	2380	0	2383	25113	2022	24	2	1	0	0	eng	0	0	0	282	0	-1	
Astra FTA 28.2°E	12129 V	Drama+1 (1)	1	0	1	10600	12129	v	27500	3	2382	2380	268	2380	0	2383	25113	2022	152	2	1	0	0	eng	0	0	0	282	0	-1	
Astra FTA 28.2°E	12129 V	YESTERDAY (eng)	1	0	1	10600	12129	v	27500	3	2334	2332	263	2332	0	2333	6505	2022	24	2	1	0	0	eng	0	0	0	282	0	-1	
Astra FTA 28.2°E	12129 V	YESTERDAY (NAR)	1	0	1	10600	12129	v	27500	3	2336	2332	263	2332	0	2333	6505	2022	152	2	1	0	0	NAR	0	0	0	282	0	-1	
Astra FTA 28.2°E	12129 V	Dave (eng)	1	0	1	10600	12129	v	27500	3	2312	2308	264	2308	0	2310	6506	2022	24	2	1	0	0	eng	0	0	0	282	0	-1	
Astra FTA 28.2°E	12129 V	Dave (NAR)	1	0	1	10600	12129	v	27500	3	2314	2308	264	2308	0	2310	6506	2022	152	2	1	0	0	NAR	0	0	0	282	0	-1	
Astra FTA 28.2°E	12129 V	Dave ja vu (eng)	1	0	1	10600	12129	v	27500	3	2346	2345	277	2345	0	2344	25114	2022	24	2	1	0	0	eng	0	0	0	282	0	-1	
Astra FTA 28.2°E	12129 V	Dave ja vu (NAR)	1	0	1	10600	12129	v	27500	3	2343	2345	277	2345	0	2344	25114	2022	152	2	1	0	0	NAR	0	0	0	282	0	-1	
Astra FTA 28.2°E	12129 V	Drama (eng)	1	0	1	10600	12129	v	27500	3	2373	2372	257	2372	0	2375	6522	2022	24	2	1	0	0	eng	0	0	0	282	0	-1	
Astra FTA 28.2°E	12129 V	Drama (NAR)	1	0	1	10600	12129	v	27500	3	2374	2372	257	2372	0	2375	6522	2022	152	2	1	0	0	NAR	0	0	0	282	0	-1	
Astra FTA 28.2°E	12129 V	YESTERDAY+1 (eng)	1	0	1	10600	12129	v	27500	3	2339	2337	279	2337	0	2338	25116	2022	24	2	1	0	0	eng	0	0	0	282	0	-1	
Astra FTA 28.2°E	12129 V	YESTERDAY+1 (NAR)	1	0	1	10600	12129	v	27500	3	2340	2337	279	2337	0	2338	25116	2022	152	2	1	0	0	NAR	0	0	0	282	0	-1	
Astra FTA 28.2°E	12148.5 H	Pick (eng)	1	0	1	10600	12148	h	27500	3	658	528	282	8190	0	592	5530	2023	24	2	1	0	0	eng	0	0	0	282	0	-1	
Astra FTA 28.2°E	12148.5 H	Pick (NAR)	1	0	1	10600	12148	h	27500	3	659	528	282	8190	0	592	5530	2023	152	2	1	0	0	NAR	0	0	0	282	0	-1	
Astra FTA 28.2°E	12148.5 H	SkyNewsArabia	1	0	1	10600	12148	h	27500	3	646	518	283	8190	0	0	5532	2023	24	2	1	0	0	eng	0	0	0	282	0	-1	
Astra FTA 28.2°E	12168 V	ITV HD (AC3,eng)	1	0	1	10600	12168	v	27500	1	651	519	265	519	17	583	5109	2024	24	2	6	1	0	eng	0	0	0	282	0	-1	
Astra FTA 28.2°E	12168 V	ITV HD (NAR)	1	0	1	10600	12168	v	27500	1	650	519	265	519	16	583	5109	2024	152	2	6	1	0	NAR	0	0	0	282	0	-1	
Astra FTA 28.2°E	12207 V	Sky News	1	0	1	10600	12207	v	27500	3	652	524	269	8190	0	588	5416	2026	24	2	1	0	0	eng	0	0	0	282	0	-1	
Astra FTA 28.2°E	12324 V	Sky Intro	1	0	1	10600	12324	v	27500	1	641	513	261	513	17	0	1002	2032	24	2	6	1	0	eng	0	0	0	282	0	-1	
Astra FTA 28.2°E	12324 V	4567	1	0	1	10600	12324	v	27500	1	641	513	264	513	17	0	4567	2032	24	2	6	1	0	eng	0	0	0	282	0	-1	
Astra FTA 28.2°E	12382.5 H	DMAX+1 (eng)	1	0	1	10600	12382	h	27500	3	2390	2389	256	2389	0	2394	2905	2035	24	2	1	0	0	eng	0	0	0	282	0	-1	
Astra FTA 28.2°E	12382.5 H	DMAX+1 (NAR)	1	0	1	10600	12382	h	27500	3	2393	2389	256	2389	0	2394	2905	2035	152	2	1	0	0	NAR	0	0	0	282	0	-1	
Astra FTA 28.2°E	12382.5 H	Quest Red (eng)	1	0	1	10600	12382	h	27500	3	2357	2356	265	2356	0	2359	6214	2035	24	2	1	0	0	eng	0	0	0	282	0	-1	
Astra FTA 28.2°E	12382.5 H	Quest Red (NAR)	1	0	1	10600	12382	h	27500	3	2358	2356	265	2356	0	2359	6214	2035	152	2	1	0	0	NAR	0	0	0	282	0	-1	
Astra FTA 28.2°E	12382.5 H	Food Network (eng)	1	0	1	10600	12382	h	27500	3	2353	2352	271	2352	0	2354	2910	2035	24	2	1	0	0	eng	0	0	0	282	0	-1	
Astra FTA 28.2°E	12382.5 H	Food Network (NAR)	1	0	1	10600	12382	h	27500	3	2355	2352	271	2352	0	2354	2910	2035	152	2	1	0	0	NAR	0	0	0	282	0	-1	
Astra FTA 28.2°E	12382.5 H	Food Netwrk+1 (eng)	1	0	1	10600	12382	h	27500	3	2320	2319	268	2319	0	2321	2912	2035	24	2	1	0	0	eng	0	0	0	282	0	-1	
Astra FTA 28.2°E	12382.5 H	Food Netwrk+1 (NAR)	1	0	1	10600	12382	h	27500	3	2322	2319	268	2319	0	2321	2912	2035	152	2	1	0	0	NAR	0	0	0	282	0	-1	
Astra FTA 28.2°E	12382.5 H	DMAX (eng)	1	0	1	10600	12382	h	27500	3	2385	2384	260	2384	0	2383	2916	2035	24	2	1	0	0	eng	0	0	0	282	0	-1	
Astra FTA 28.2°E	12382.5 H	DMAX (NAR)	1	0	1	10600	12382	h	27500	3	2388	2384	260	2384	0	2383	2916	2035	152	2	1	0	0	NAR	0	0	0	282	0	-1	
Astra FTA 28.2°E	12382.5 H	QUEST+1 (eng)	1	0	1	10600	12382	h	27500	3	2361	2360	264	2360	0	2363	6215	2035	24	2	1	0	0	eng	0	0	0	282	0	-1	
Astra FTA 28.2°E	12382.5 H	QUEST+1 (NAR)	1	0	1	10600	12382	h	27500	3	2362	2360	264	2360	0	2363	6215	2035	152	2	1	0	0	NAR	0	0	0	282	0	-1	
Astra FTA 28.2°E	12382.5 H	Quest Red+1 (eng)	1	0	1	10600	12382	h	27500	3	2343	2323	259	2323	0	2346	6211	2035	24	2	1	0	0	eng	0	0	0	282	0	-1	
Astra FTA 28.2°E	12382.5 H	Quest Red+1 (NAR)	1	0	1	10600	12382	h	27500	3	2345	2323	259	2323	0	2346	6211	2035	152	2	1	0	0	NAR	0	0	0	282	0	-1	
Astra FTA 28.2°E	12382.5 H	QUEST (eng)	1	0	1	10600	12382	h	27500	3	2365	2364	263	2364	0	2366	6213	2035	24	2	1	0	0	eng	0	0	0	282	0	-1	
Astra FTA 28.2°E	12382.5 H	QUEST (NAR)	1	0	1	10600	12382	h	27500	3	2367	2364	263	2364	0	2366	6213	2035	152	2	1	0	0	NAR	0	0	0	282	0	-1	
Astra FTA 28.2°E	10773.25 H	BBC One Lon (eng)	1	0	0	9750	10773	h	22000	3	5001	5000	256	5000	0	5003	6301	2045	24	2	1	0	0	eng	0	0	0	282	0	-1	
Astra FTA 28.2°E	10773.25 H	BBC One Lon (NAR)	1	0	0	9750	10773	h	22000	3	5002	5000	256	5000	0	5003	6301	2045	152	2	1	0	0	NAR	0	0	0	282	0	-1	
Astra FTA 28.2°E	10773.25 H	BBC Two (eng)	1	0	0	9750	10773	h	22000	3	5101	5100	258	5100	0	5103	6302	2045	24	2	1	0	0	eng	0	0	0	282	0	-1	
Astra FTA 28.2°E	10773.25 H	BBC Two (NAR)	1	0	0	9750	10773	h	22000	3	5102	5100	258	5100	0	5103	6302	2045	152	2	1	0	0	NAR	0	0	0	282	0	-1	
Astra FTA 28.2°E	10773.25 H	BBC Four (eng)	1	0	0	9750	10773	h	22000	3	5201	5200	259	5200	0	5203	6316	2045	24	2	1	0	0	eng	0	0	0	282	0	-1	
Astra FTA 28.2°E	10773.25 H	BBC Four (NAR)	1	0	0	9750	10773	h	22000	3	5202	5200	259	5200	0	5203	6316	2045	152	2	1	0	0	NAR	0	0	0	282	0	-1	
Astra FTA 28.2°E	10773.25 H	BBC RB 1 (und)	1	0	0	9750	10773	h	22000	3	5402	5400	262	5400	0	0	6390	2045	24	2	1	0	0	und	0	0	0	282	0	-1	
Astra FTA 28.2°E	10773.25 H	BBC RB 1 (eng)	1	0	0	9750	10773	h	22000	3	5401	5400	262	5400	0	0	6390	2045	152	2	1	0	0	eng	0	0	0	282	0	-1	
Astra FTA 28.2°E	10773.25 H	BBC One East W	1	0	0	9750	10773	h	22000	3	5701	5700	269	5700	0	5703	6351	2045	24	2	1	0	0	eng	0	0	0	282	0	-1	
Astra FTA 28.2°E	10773.25 H	BBC One CI	1	0	0	9750	10773	h	22000	3	5801	5800	270	5800	0	5803	6361	2045	24	2	1	0	0	eng	0	0	0	282	0	-1	
Astra FTA 28.2°E	10773.25 H	ETV1 (eng)	1	0	0	9750	10773	h	22000	3	5001	5000	257	5000	0	5003	6306	2045	24	2	1	0	0	eng	0	0	0	282	0	-1	
Astra FTA 28.2°E	10773.25 H	ETV1 (NAR)	1	0	0	9750	10773	h	22000	3	5002	5000	257	5000	0	5003	6306	2045	152	2	1	0	0	NAR	0	0	0	282	0	-1	
Astra FTA 28.2°E	10773.25 H	BBC One West	1	0	0	9750	10773	h	22000	3	5901	5900	268	5900	0	5903	6341	2045	24	2	1	0	0	eng	0	0	0	282	0	-1	
Astra FTA 28.2°E	10773.25 H	CBeebies (eng)	1	0	0	9750	10773	h	22000	3	5201	5200	263	5200	0	5203	6318	2045	24	2	1	0	0	eng	0	0	0	282	0	-1	
Astra FTA 28.2°E	10773.25 H	CBeebies (NAR)	1	0	0	9750	10773	h	22000	3	5202	5200	263	5200	0	5203	6318	2045	152	2	1	0	0	NAR	0	0	0	282	0	-1	
Astra FTA 28.2°E	12363 V	ITV HD (AC3,eng)	1	0	1	10600	12363	v	27500	1	650	516	261	516	17	580	5106	2034	24	2	6	1	0	eng	0	0	0	282	0	-1	
Astra FTA 28.2°E	12363 V	ITV HD (NAR)	1	0	1	10600	12363	v	27500	1	646	516	261	516	16	580	5106	2034	152	2	6	1	0	NAR	0	0	0	282	0	-1	
Astra FTA 28.2°E	12226.5 H	ITV HD (AC3,eng)	1	0	1	10600	12226	h	27500	1	642	512	279	512	17	576	7502	2027	24	2	6	1	0	eng	0	0	0	282	0	-1	
Astra FTA 28.2°E	12226.5 H	ITV HD (NAR)	1	0	1	10600	12226	h	27500	1	640	512	279	512	16	576	7502	2027	152	2	6	1	0	NAR	0	0	0	282	0	-1	
Astra FTA 28.2°E	BSkyB	ITV (eng)	1	0	0	9750	10891	h	22000	3	2311	2310	264	2310	0	2313	10122	2053	24	2	1	0	0	eng	0	0	0	282	0	-1	
Astra FTA 28.2°E	BSkyB	ITV Wales (eng)	1	0	0	9750	10891	h	22000	3	2306	2305	267	2305	0	2307	10147	2053	24	2	1	0	0	eng	0	0	0	282	0	-1	
Astra FTA 28.2°E	BSkyB	ITV (eng)	1	0	0	9750	10891	h	22000	3	2316	2315	269	2315	0	2317	10142	2053	24	2	1	0	0	eng	0	0	0	282	0	-1	
Astra FTA 28.2°E	BSkyB	ITV4 (eng)	1	0	0	9750	10891	h	22000	3	2326	2330	272	2330	0	2328	10164	2053	24	2	1	0	0	eng	0	0	0	282	0	-1	
Astra FTA 28.2°E	BSkyB	CITV (eng)	1	0	0	9750	10891	h	22000	3	2337	2336	273	2336	0	2339	10161	2053	24	2	1	0	0	eng	0	0	0	282	0	-1	
Astra FTA 28.2°E	BSkyB	ITV2 (eng)	1	0	0	9750	10906	v	22000	3	2348	2347	272	2347	0	2350	10202	2054	24	2	1	0	0	eng	0	0	0	282	0	-1	
Astra FTA 28.2°E	BSkyB	ITV (eng)	1	0	0	9750	10906	v	22000	3	2325	2324	270	2324	0	2326	10250	2054	24	2	1	0	0	eng	0	0	0	282	0	-1	
Astra FTA 28.2°E	BSkyB	ITV+1 (eng)	1	0	0	9750	10906	v	22000	3	2336	2335	269	2335	0	2338	10235	2054	24	2	1	0	0	eng	0	0	0	282	0	-1	
Astra FTA 28.2°E	BSkyB	ITVBe (eng)	1	0	0	9750	10906	v	22000	3	2343	2342	271	2342	0	2345	10233	2054	24	2	1	0	0	eng	0	0	0	282	0	-1	
Astra FTA 28.2°E	BSkyB	Cruise1st.tv	1	0	0	9750	11464	h	22000	3	2306	2305	266	2305	0	0	54228	2089	24	2	1	0	0	eng	0	0	0	282	0	-1	
Astra FTA 28.2°E	BSkyB	Get Lucky TV	1	0	0	9750	11597	v	22000	3	2313	2314	268	2314	0	0	53575	2098	24	2	1	0	0	eng	0	0	0	282	0	-1	
Astra FTA 28.2°E	BSkyB	6811 (und)	1	0	1	10600	12422	h	27500	1	5802	5800	263	5800	17	0	6811	2037	24	2	1	0	0	und	0	0	0	282	0	-1	
Astra FTA 28.2°E	BSkyB	6806	1	0	1	10600	12422	h	27500	1	5501	5500	261	5500	0	0	6806	2037	24	2	1	0	0	eng	0	0	0	282	0	-1	
Astra FTA 28.2°E	BSkyB	6805	1	0	1	10600	12422	h	27500	1	5401	5400	259	5400	0	0	6805	2037	24	2	1	0	0	eng	0	0	0	282	0	-1	
Astra FTA 28.2°E	BSkyB	6804	1	0	1	10600	12422	h	27500	1	5301	5300	257	5300	0	0	6804	2037	24	2	1	0	0	eng	0	0	0	282	0	-1	
Astra FTA 28.2°E	BSkyB	6803	1	0	1	10600	12422	h	27500	1	5201	5200	258	5200	0	0	6803	2037	24	2	1	0	0	eng	0	0	0	282	0	-1	
Astra FTA 28.2°E	BSkyB	6802	1	0	1	10600	12422	h	27500	1	5101	5100	256	5100	0	0	6802	2037	24	2	1	0	0	eng	0	0	0	282	0	-1	
Astra FTA 28.2°E	10788 V	BBC R3	1	0	0	9750	10788	v	22000	3	6001	0	259	6001	0	0	10380	2046	16	2	1	0	0	eng	0	0	0	282	0	-1	
Astra FTA 28.2°E	10788 V	BBC R4 FM	1	0	0	9750	10788	v	22000	3	6002	0	275	6002	0	0	10381	2046	16	2	1	0	0	eng	0	0	0	282	0	-1	
Astra FTA 28.2°E	10788 V	BBC R4 LW	1	0	0	9750	10788	v	22000	3	6003	0	276	6003	0	0	10382	2046	16	2	1	0	0	eng	0	0	0	282	0	-1	
Astra FTA 28.2°E	10788 V	BBC R Scot.	1	0	0	9750	10788	v	22000	3	6007	0	280	6007	0	0	10386	2046	16	2	1	0	0	eng	0	0	0	282	0	-1	
Astra FTA 28.2°E	10788 V	BBC R Wales	1	0	0	9750	10788	v	22000	3	6009	0	282	6009	0	0	10388	2046	16	2	1	0	0	eng	0	0	0	282	0	-1	
Astra FTA 28.2°E	10788 V	BBC R Ulster	1	0	0	9750	10788	v	22000	3	6011	0	284	6011	0	0	10390	2046	16	2	1	0	0	eng	0	0	0	282	0	-1	
Astra FTA 28.2°E	10788 V	BBC WS	1	0	0	9750	10788	v	22000	3	6006	0	279	6006	0	0	10385	2046	16	2	1	0	0	eng	0	0	0	282	0	-1	
Astra FTA 28.2°E	10788 V	BBC R Cymru	1	0	0	9750	10788	v	22000	3	6010	0	283	6010	0	0	10389	2046	16	2	1	0	0	wel	0	0	0	282	0	-1	
Astra FTA 28.2°E	10788 V	BBC R Foyle	1	0	0	9750	10788	v	22000	3	6012	0	257	6012	0	0	10391	2046	16	2	1	0	0	eng	0	0	0	282	0	-1	
Astra FTA 28.2°E	10788 V	BBC 6 Music	1	0	0	9750	10788	v	22000	3	6004	0	277	6004	0	0	10383	2046	16	2	1	0	0	eng	0	0	0	282	0	-1	
Astra FTA 28.2°E	10788 V	BBC R4 Ex	1	0	0	9750	10788	v	22000	3	6005	0	278	6005	0	0	10384	2046	16	2	1	0	0	eng	0	0	0	282	0	-1	
Astra FTA 28.2°E	10788 V	BBC R n Gael	1	0	0	9750	10788	v	22000	3	6008	0	281	6008	0	0	10387	2046	16	2	1	0	0	gla	0	0	0	282	0	-1	
Astra FTA 28.2°E	10802.75 H	ETV2	1	0	0	9750	10803	h	22000	3	6201	0	262	6201	0	0	6407	2047	16	2	1	0	0	eng	0	0	0	282	0	-1	
Astra FTA 28.2°E	10802.75 H	BBC R Cymru 2	1	0	0	9750	10803	h	22000	3	6701	0	267	6701	0	0	6454	2047	16	2	1	0	0	wel	0	0	0	282	0	-1	
Astra FTA 28.2°E	10802.75 H	BBC R5L	1	0	0	9750	10803	h	22000	3	6001	0	271	6001	0	0	6401	2047	16	2	1	0	0	eng	0	0	0	282	0	-1	
Astra FTA 28.2°E	10802.75 H	BBC R5SX	1	0	0	9750	10803	h	22000	3	6101	0	278	6101	0	0	6464	2047	16	2	1	0	0	eng	0	0	0	282	0	-1	
Astra FTA 28.2°E	10802.75 H	BBC R1	1	0	0	9750	10803	h	22000	3	6201	0	263	6201	0	0	6450	2047	16	2	1	0	0	eng	0	0	0	282	0	-1	
Astra FTA 28.2°E	10802.75 H	BBC R2	1	0	0	9750	10803	h	22000	3	6301	0	265	6301	0	0	6452	2047	16	2	1	0	0	eng	0	0	0	282	0	-1	
Astra FTA 28.2°E	10802.75 H	BBC Asian	1	0	0	9750	10803	h	22000	3	6401	0	258	6401	0	0	6460	2047	16	2	1	0	0	eng	0	0	0	282	0	-1	
Astra FTA 28.2°E	10802.75 H	BBC R1X	1	0	0	9750	10803	h	22000	3	6501	0	259	6501	0	0	6466	2047	16	2	1	0	0	eng	0	0	0	282	0	-1	
Astra FTA 28.2°E	10802.75 H	BBC RLondon	1	0	0	9750	10803	h	22000	3	6601	0	260	6601	0	0	6470	2047	16	2	1	0	0	eng	0	0	0	282	0	-1	
Astra FTA 28.2°E	11170.75 H	Newstalk	1	0	0	9750	11171	h	22000	3	2331	0	277	2305	0	0	51114	2071	16	2	1	0	0		0	0	0	282	0	-1	
Astra FTA 28.2°E	11265 V	EWTN Catholic	1	0	0	9750	11265	v	27500	1	2343	0	264	2343	0	0	52137	2108	16	2	1	0	0	eng	0	0	0	282	0	-1	
Astra FTA 28.2°E	11538 V	Desi Radio	1	0	0	9750	11538	v	22000	3	2329	0	286	2329	0	0	22653	2094	16	2	1	0	0	eng	0	0	0	282	0	-1	
Astra FTA 28.2°E	11538 V	WRN Europe	1	0	0	9750	11538	v	22000	3	2339	0	292	2339	0	0	22651	2094	16	2	1	0	0	eng	0	0	0	282	0	-1	
Astra FTA 28.2°E	11552.75 H	Heart 90s	1	0	0	9750	11553	h	22000	3	2325	0	265	2325	0	0	55139	2095	16	2	1	0	0		0	0	0	282	0	-1	
Astra FTA 28.2°E	11552.75 H	Scala Radio	1	0	0	9750	11553	h	22000	3	2323	0	279	2323	0	0	55138	2095	16	2	1	0	0		0	0	0	282	0	-1	
Astra FTA 28.2°E	11552.75 H	Virgin Radio	1	0	0	9750	11553	h	22000	3	2321	0	278	2321	0	0	55135	2095	16	2	1	0	0		0	0	0	282	0	-1	
Astra FTA 28.2°E	11552.75 H	LBC News	1	0	0	9750	11553	h	22000	3	2334	0	282	2334	0	0	55131	2095	16	2	1	0	0		0	0	0	282	0	-1	
Astra FTA 28.2°E	11552.75 H	Gold	1	0	0	9750	11553	h	22000	3	2310	0	258	2310	0	0	9561	2095	16	2	1	0	0	eng	0	0	0	282	0	-1	
Astra FTA 28.2°E	11552.75 H	Radio X	1	0	0	9750	11553	h	22000	3	2316	0	318	2316	0	0	9559	2095	16	2	1	0	0	eng	0	0	0	282	0	-1	
Astra FTA 28.2°E	11552.75 H	Capital	1	0	0	9750	11553	h	22000	3	2318	0	319	2318	0	0	9560	2095	16	2	1	0	0	eng	0	0	0	282	0	-1	
Astra FTA 28.2°E	11552.75 H	Smooth	1	0	0	9750	11553	h	22000	3	2312	0	270	2312	0	0	55132	2095	16	2	1	0	0		0	0	0	282	0	-1	
Astra FTA 28.2°E	11552.75 H	Heart Dance	1	0	0	9750	11553	h	22000	3	2311	0	271	2311	0	0	55133	2095	16	2	1	0	0		0	0	0	282	0	-1	
Astra FTA 28.2°E	11552.75 H	Capital XTRA	1	0	0	9750	11553	h	22000	3	2320	0	313	2320	0	0	9549	2095	16	2	1	0	0	eng	0	0	0	282	0	-1	
Astra FTA 28.2°E	11552.75 H	Khushkhabri	1	0	0	9750	11553	h	22000	3	2336	0	320	2336	0	0	9563	2095	16	2	1	0	0	eng	0	0	0	282	0	-1	
Astra FTA 28.2°E	11552.75 H	Classic FM	1	0	0	9750	11553	h	22000	3	2344	0	263	2344	0	0	9570	2095	16	2	1	0	0	eng	0	0	0	282	0	-1	
Astra FTA 28.2°E	11552.75 H	Planet Rock	1	0	0	9750	11553	h	22000	3	2345	0	268	2345	0	0	9575	2095	16	2	1	0	0	eng	0	0	0	282	0	-1	
Astra FTA 28.2°E	11552.75 H	TWR	1	0	0	9750	11553	h	22000	3	2322	0	280	2322	0	0	55136	2095	16	2	1	0	0		0	0	0	282	0	-1	
Astra FTA 28.2°E	11552.75 H	Jazz FM	1	0	0	9750	11553	h	22000	3	2324	0	283	2324	0	0	55137	2095	16	2	1	0	0		0	0	0	282	0	-1	
Astra FTA 28.2°E	11552.75 H	Hits Radio	1	0	0	9750	11553	h	22000	3	2313	0	276	2313	0	0	55134	2095	16	2	1	0	0		0	0	0	282	0	-1	
Astra FTA 28.2°E	11582.25 H	Absolute	1	0	0	9750	11582	h	22000	3	2334	0	271	2334	0	0	52196	2097	16	2	1	0	0	eng	0	0	0	282	0	-1	
Astra FTA 28.2°E	11582.25 H	talkSPORT	1	0	0	9750	11582	h	22000	3	2345	0	267	2345	0	0	52188	2097	16	2	1	0	0	eng	0	0	0	282	0	-1	
Astra FTA 28.2°E	11582.25 H	Heart	1	0	0	9750	11582	h	22000	3	2337	0	287	2337	0	0	52192	2097	16	2	1	0	0	eng	0	0	0	282	0	-1	
Astra FTA 28.2°E	11582.25 H	LBC	1	0	0	9750	11582	h	22000	3	2343	0	289	2343	0	0	52191	2097	16	2	1	0	0	eng	0	0	0	282	0	-1	
Astra FTA 28.2°E	11582.25 H	Heart 80s	1	0	0	9750	11582	h	22000	3	2336	0	290	2336	0	0	52193	2097	16	2	1	0	0	eng	0	0	0	282	0	-1	
Astra FTA 28.2°E	11582.25 H	Panjab Radio	1	0	0	9750	11582	h	22000	3	2308	0	270	2308	0	0	52132	2097	16	2	1	0	0	eng	0	0	0	282	0	-1	
Astra FTA 28.2°E	11582.25 H	Sukh Sagar	1	0	0	9750	11582	h	22000	3	2310	0	275	2310	0	0	52133	2097	16	2	1	0	0	eng	0	0	0	282	0	-1	
Astra FTA 28.2°E	11582.25 H	BFBS Radio	1	0	0	9750	11582	h	22000	3	2335	0	288	2335	0	0	52190	2097	16	2	1	0	0	eng	0	0	0	282	0	-1	
Astra FTA 28.2°E	11582.25 H	Kiss	1	0	0	9750	11582	h	22000	3	2309	0	278	2309	0	0	52194	2097	16	2	1	0	0	eng	0	0	0	282	0	-1	
Astra FTA 28.2°E	11582.25 H	Magic	1	0	0	9750	11582	h	22000	3	2311	0	279	2311	0	0	52195	2097	16	2	1	0	0	eng	0	0	0	282	0	-1	
Astra FTA 28.2°E	11582.25 H	Classic Rock	1	0	0	9750	11582	h	22000	3	2324	0	286	2324	0	0	52200	2097	16	2	1	0	0	eng	0	0	0	282	0	-1	
Astra FTA 28.2°E	11582.25 H	Absolute 90s	1	0	0	9750	11582	h	22000	3	2320	0	285	2320	0	0	52198	2097	16	2	1	0	0	eng	0	0	0	282	0	-1	
Astra FTA 28.2°E	11582.25 H	Absolute 80s	1	0	0	9750	11582	h	22000	3	2328	0	284	2328	0	0	52197	2097	16	2	1	0	0	eng	0	0	0	282	0	-1	
Astra FTA 28.2°E	11778 V	IEPG data 1	1	0	1	10600	11778	v	27500	1	648	0	86	8190	0	0	4189	2004	16	2	1	0	0		0	0	0	282	0	-1	
Astra FTA 28.2°E	11914.5 H	RTÉ Radio 1	1	0	1	10600	11914	h	27500	3	2309	0	266	2304	0	0	5544	2011	16	2	1	0	0		0	0	0	282	0	-1	
Astra FTA 28.2°E	11914.5 H	RTÉ 2FM	1	0	1	10600	11914	h	27500	3	2340	0	275	2304	0	0	5545	2011	16	2	1	0	0		0	0	0	282	0	-1	
Astra FTA 28.2°E	11914.5 H	RTÉ R na G	1	0	1	10600	11914	h	27500	3	2353	0	285	2304	0	0	5547	2011	16	2	1	0	0		0	0	0	282	0	-1	
Astra FTA 28.2°E	11914.5 H	RTÉ Lyric fm	1	0	1	10600	11914	h	27500	3	2341	0	276	2304	0	0	5546	2011	16	2	1	0	0		0	0	0	282	0	-1	
Astra FTA 28.2°E	11934 V	Chl Line-up	1	0	1	10600	11934	v	27500	3	652	0	270	8191	0	0	5007	2012	16	2	1	0	0	eng	0	0	0	282	0	-1	
Astra FTA 28.2°E	12070.5 H	SNR	1	0	1	10600	12070	h	27500	3	660	0	268	660	0	0	5006	2019	16	2	1	0	0	eng	0	0	0	282	0	-1	
Astra FTA 28.2°E	12226.5 H	Get Sky Products	1	0	1	10600	12226	h	27500	1	2311	0	270	2311	0	0	8459	2027	16	2	6	1	0		0	0	0	282	0	-1	
Astra FTA 28.2°E	12246 V	SNR	1	0	1	10600	12246	v	27500	1	2305	0	261	2305	0	0	5259	2028	16	2	6	1	0	eng	0	0	0	282	0	-1	
